,Name,Goal,GPG,Assist,APG,Block,BPG,Turn,TPG,Games,Standing,Spirit,wg13,Team_BENT,Team_BRUTESQUAD,Team_FURY,Team_GREENMEANSGO,Team_HEIST,Team_MOLLYBROWN,Team_NEMESIS,Team_NIGHTLOCK,Team_OZONE,Team_PHOENIX,Team_RIOT,Team_SCANDAL,Team_SCHWA,Team_SHOWDOWN,Team_TABBYROSA,Team_TEAMUSA,Team_UNDERGROUND,wugc16_tryouts,Team_WUGC16
0,ABBEY HEWITT,16.0,3.2,3.0,0.6,,,,,5.0,5.0,10.86,0.0,0.0,0.0,0.0,0.0,0.0,0.0,0.0,0.0,1.0,0.0,0.0,0.0,0.0,0.0,0.0,0.0,0.0,0,0
1,ABBY CHRISTOPHER,3.0,0.25,3.0,0.25,,,,,12.0,2.0,12.0,0.0,0.0,0.0,1.0,0.0,0.0,0.0,0.0,0.0,0.0,0.0,0.0,0.0,0.0,0.0,0.0,0.0,0.0,0,0
2,ABBY SHURE,6.0,0.857142857143,3.0,0.428571428571,,,,,7.0,16.0,11.0,0.0,0.0,0.0,0.0,0.0,0.0,0.0,1.0,0.0,0.0,0.0,0.0,0.0,0.0,0.0,0.0,0.0,0.0,0,0
3,ABBY VANMUIJEN,0.666666666667,0.138888888889,1.0,0.194444444444,3.0,0.5,3.0,0.5,5.66666666667,7.66666666667,9.27,0.0,0.0,0.0,0.0,0.0,0.0,0.0,0.0,1.0,0.0,0.0,0.0,0.0,0.0,0.0,0.0,0.0,0.0,0,0
4,ABIGAIL NEWSOME,0.0,0.0,0.0,0.0,,,,,4.0,15.0,13.43,0.0,0.0,0.0,0.0,1.0,0.0,0.0,0.0,0.0,0.0,0.0,0.0,0.0,0.0,0.0,0.0,0.0,0.0,0,0
5,ADRIENNE BOVEE,0.0,0.0,0.0,0.0,0.0,0.0,0.0,0.0,5.0,12.0,9.2,0.0,0.0,0.0,0.0,0.0,0.0,0.0,0.0,0.0,0.0,0.0,0.0,0.0,1.0,0.0,0.0,0.0,0.0,0,0
6,ADRIENNE LEMBERGER,3.0,0.75,5.0,1.08928571429,,,,,5.5,9.5,11.57,0.0,0.0,0.0,0.0,0.0,0.0,0.0,0.0,0.5,0.0,0.0,0.0,0.0,0.0,0.0,0.0,0.0,0.5,0,0
7,ADRIENNE WELLS,1.5,0.321428571429,0.5,0.125,,,,,5.5,10.0,12.855,0.0,0.0,0.0,0.0,0.0,1.0,0.0,0.0,0.0,0.0,0.0,0.0,0.0,0.0,0.0,0.0,0.0,0.0,0,0
8,AIDEEN COSTELLO,1.0,0.142857142857,0.0,0.0,,,,,7.0,14.0,7.43,0.0,1.0,0.0,0.0,0.0,0.0,0.0,0.0,0.0,0.0,0.0,0.0,0.0,0.0,0.0,0.0,0.0,0.0,0,0
9,AKINA YOUNGE,0.5,0.0714285714285,2.0,0.333333333334,2.0,0.333333333333,3.0,0.5,6.5,13.5,5.715,0.0,1.0,0.0,0.0,0.0,0.0,0.0,0.0,0.0,0.0,0.0,0.0,0.0,0.0,0.0,0.0,0.0,0.0,0,0
10,ALDEN FLETCHER,3.6,0.42380952381,0.4,0.0452380952381,2.0,0.285714285714,3.0,0.428571428571,6.6,2.2,10.7925,0.0,0.0,0.0,1.0,0.0,0.0,0.0,0.0,0.0,0.0,0.0,0.0,0.0,0.0,0.0,0.0,0.0,0.0,0,0
11,ALEX CHLEBECK,0.0,0.0,0.0,0.0,,,,,4.0,13.0,11.71,0.0,0.0,0.0,0.0,0.0,0.0,0.0,1.0,0.0,0.0,0.0,0.0,0.0,0.0,0.0,0.0,0.0,0.0,0,0
12,ALEX FUSSELL,4.0,1.0,0.0,0.0,,,,,4.0,12.0,12.71,0.0,0.0,0.0,0.0,0.0,0.0,0.0,0.0,0.0,0.0,0.0,0.0,0.0,0.0,0.0,0.0,0.0,1.0,0,0
13,ALEX ODE,2.0,0.333333333333,1.0,0.166666666667,1.0,0.166666666667,6.0,1.0,6.0,15.0,4.33,0.0,0.0,0.0,0.0,0.0,0.0,0.0,0.0,0.0,0.0,0.0,0.0,0.0,1.0,0.0,0.0,0.0,0.0,1,0
14,ALEX SNYDER,1.33333333333,0.172619047619,12.0,1.48015873016,7.0,1.0,9.0,1.28571428571,6.5,2.0,10.7925,1.0,0.0,0.0,0.833333333333,0.0,0.0,0.0,0.0,0.0,0.0,0.0,0.0,0.0,0.0,0.0,0.0,0.166666666667,0.0,1,1
15,ALEXA DIX,0.0,0.0,0.0,0.0,0.0,0.0,6.0,1.0,6.0,15.0,4.33,0.0,0.0,0.0,0.0,0.0,0.0,0.0,0.0,0.0,0.0,0.0,0.0,0.0,1.0,0.0,0.0,0.0,0.0,0,0
16,ALEXA WOOD,0.0,0.0,0.0,0.0,,,,,4.0,16.0,15.29,0.0,0.0,0.0,0.0,0.0,0.0,0.0,0.0,0.0,0.0,0.0,0.0,0.0,0.0,0.0,1.0,0.0,0.0,0,0
17,ALEXANDRA CHUDLER,2.0,0.285714285714,6.0,0.857142857143,,,,,7.0,16.0,11.0,0.0,0.0,0.0,0.0,0.0,0.0,0.0,1.0,0.0,0.0,0.0,0.0,0.0,0.0,0.0,0.0,0.0,0.0,0,0
18,ALEXANDRA HU,0.0,0.0,0.0,0.0,,,,,7.0,16.0,11.0,0.0,0.0,0.0,0.0,0.0,0.0,0.0,1.0,0.0,0.0,0.0,0.0,0.0,0.0,0.0,0.0,0.0,0.0,0,0
19,ALEXANDRA ODE,1.5,0.214285714286,0.5,0.0714285714285,,,,,5.5,10.0,12.87,0.0,0.0,0.0,0.0,0.0,0.0,0.0,0.0,0.0,0.0,0.0,0.0,0.0,1.0,0.0,0.0,0.0,0.0,0,0
20,ALEXANDRA STAMBAUGH,4.0,0.571428571429,1.0,0.142857142857,,,,,7.0,7.0,10.43,0.0,0.0,0.0,0.0,0.0,0.0,0.0,0.0,1.0,0.0,0.0,0.0,0.0,0.0,0.0,0.0,0.0,0.0,0,0
21,ALEXI ZALK,15.0,2.14285714286,7.0,1.0,,,,,7.0,14.0,7.43,0.0,1.0,0.0,0.0,0.0,0.0,0.0,0.0,0.0,0.0,0.0,0.0,0.0,0.0,0.0,0.0,0.0,0.0,1,0
22,ALICE WHITE-CYR,2.0,0.285714285714,0.0,0.0,,,,,7.0,11.0,11.67,0.0,0.0,0.0,0.0,0.0,0.0,0.0,0.0,0.0,0.0,0.0,0.0,0.0,1.0,0.0,0.0,0.0,0.0,0,0
23,ALICIA DANTZKER,2.25,0.247023809524,0.5,0.0714285714285,0.0,0.0,3.0,0.428571428571,6.75,2.0,9.85666666667,0.0,0.0,0.0,1.0,0.0,0.0,0.0,0.0,0.0,0.0,0.0,0.0,0.0,0.0,0.0,0.0,0.0,0.0,0,0
24,ALICIA WHITE,10.0,1.22023809524,4.5,0.624999999999,5.0,0.714285714286,5.0,0.714285714286,8.0,1.75,10.1,0.0,0.0,0.0,0.25,0.0,0.0,0.25,0.0,0.0,0.0,0.0,0.0,0.5,0.0,0.0,0.0,0.0,0.0,0,0
25,ALIKA JOHNSTON,5.33333333333,0.761904761906,8.0,1.14285714286,2.0,0.285714285714,2.0,0.285714285714,7.0,2.66666666667,9.57,0.0,0.0,0.0,0.0,0.0,0.0,0.0,0.0,0.0,0.0,0.0,0.0,1.0,0.0,0.0,0.0,0.0,0.0,0,0
26,ALINA KAGAN,1.66666666667,0.31746031746,3.33333333333,0.535714285714,1.0,0.166666666667,4.0,0.666666666667,5.66666666667,7.66666666667,9.27,0.0,0.0,0.0,0.0,0.0,0.0,0.0,0.0,1.0,0.0,0.0,0.0,0.0,0.0,0.0,0.0,0.0,0.0,0,0
27,ALISHA KRAMER,1.0,0.171428571429,0.0,0.0,2.0,0.285714285714,2.0,0.285714285714,6.0,3.0,7.61,0.0,0.0,0.0,0.0,0.0,0.0,0.0,0.0,0.0,0.5,0.0,0.0,0.5,0.0,0.0,0.0,0.0,0.0,0,0
28,ALISON DOUGLAS,0.5,0.1,3.5,0.7,1.0,0.166666666667,3.0,0.5,5.5,7.0,6.93,0.0,0.0,0.0,0.0,0.0,0.0,0.0,0.0,0.0,1.0,0.0,0.0,0.0,0.0,0.0,0.0,0.0,0.0,0,0
29,ALISON STARGEL,3.5,0.559523809524,1.5,0.226190476191,3.0,0.5,2.0,0.333333333333,6.5,9.0,6.855,0.0,0.0,0.0,0.0,0.0,0.0,0.0,0.0,0.0,1.0,0.0,0.0,0.0,0.0,0.0,0.0,0.0,0.0,0,0
30,ALISON VANDEGRIFT,4.0,0.571428571429,0.0,0.0,,,,,7.0,9.0,11.0,0.0,0.0,0.0,0.0,0.0,1.0,0.0,0.0,0.0,0.0,0.0,0.0,0.0,0.0,0.0,0.0,0.0,0.0,0,0
31,ALLISON FISH,1.0,0.142857142857,0.0,0.0,,,,,7.0,16.0,11.0,0.0,0.0,0.0,0.0,0.0,0.0,0.0,1.0,0.0,0.0,0.0,0.0,0.0,0.0,0.0,0.0,0.0,0.0,0,0
32,ALLISON KAHN,2.0,0.285714285714,2.0,0.285714285714,,,,,7.0,14.0,7.43,0.0,1.0,0.0,0.0,0.0,0.0,0.0,0.0,0.0,0.0,0.0,0.0,0.0,0.0,0.0,0.0,0.0,0.0,0,0
33,ALLISON MADDUX,3.33333333333,0.47619047619,6.66666666667,0.95238095238,8.0,1.14285714286,14.0,2.0,7.0,2.66666666667,9.57,0.0,0.0,0.0,0.0,0.0,0.0,0.0,0.0,0.0,0.0,0.0,0.0,1.0,0.0,0.0,0.0,0.0,0.0,0,0
34,ALLISON SNOW,3.33333333333,0.636507936508,3.33333333333,0.603174603175,2.0,0.333333333333,0.0,0.0,6.0,7.66666666667,8.19,0.0,0.0,0.0,0.0,0.0,0.0,0.0,0.0,0.0,1.0,0.0,0.0,0.0,0.0,0.0,0.0,0.0,0.0,0,0
35,ALYSSA KELLY,3.0,0.75,4.0,1.0,,,,,4.0,12.0,12.71,0.0,0.0,0.0,0.0,0.0,0.0,0.0,0.0,0.0,0.0,0.0,0.0,0.0,0.0,0.0,0.0,0.0,1.0,0,0
36,ALYSSA WEATHERFORD,1.25,0.196428571429,4.0,1.05357142857,0.0,0.0,0.0,0.0,5.25,2.25,10.8666666667,0.0,0.0,0.0,0.0,0.0,0.0,0.0,0.0,0.0,0.0,0.0,1.0,0.0,0.0,0.0,0.0,0.0,0.0,1,0
37,AMANDA DOBBYN,5.0,0.714285714286,0.0,0.0,,,,,7.0,16.0,11.0,0.0,0.0,0.0,0.0,0.0,0.0,0.0,1.0,0.0,0.0,0.0,0.0,0.0,0.0,0.0,0.0,0.0,0.0,0,0
38,AMANDA GOOD,4.0,0.666666666667,5.0,0.833333333333,1.0,0.166666666667,2.0,0.333333333333,6.0,11.0,3.83,0.0,0.0,0.0,0.0,0.0,0.0,1.0,0.0,0.0,0.0,0.0,0.0,0.0,0.0,0.0,0.0,0.0,0.0,0,0
39,AMANDA KOSTIC,1.0,0.142857142857,4.0,0.946428571429,,,,,5.5,10.0,12.87,0.0,0.0,0.0,0.0,0.0,0.0,0.0,0.0,0.0,0.0,0.0,0.0,0.0,1.0,0.0,0.0,0.0,0.0,0,0
40,AMANDA SCHWORM,3.0,0.75,0.0,0.0,,,,,4.0,16.0,15.29,0.0,0.0,0.0,0.0,0.0,0.0,0.0,0.0,0.0,0.0,0.0,0.0,0.0,0.0,0.0,1.0,0.0,0.0,0,0
41,AMBER SINICROPE,4.0,0.619047619048,8.5,1.32142857143,2.0,0.333333333333,10.0,1.66666666667,6.5,3.5,7.5,0.0,0.0,1.0,0.0,0.0,0.0,0.0,0.0,0.0,0.0,0.0,0.0,0.0,0.0,0.0,0.0,0.0,0.0,1,1
42,AMELIA CUARENTA,3.66666666667,0.753968253968,0.666666666667,0.138888888889,3.0,0.5,1.0,0.166666666667,5.66666666667,10.6666666667,9.96,0.0,0.0,0.0,0.0,0.0,1.0,0.0,0.0,0.0,0.0,0.0,0.0,0.0,0.0,0.0,0.0,0.0,0.0,0,0
43,AMY HUDSON,1.5,0.214285714286,2.0,0.285714285714,3.0,0.428571428571,1.0,0.142857142857,7.0,1.0,8.535,0.0,0.0,0.0,0.0,0.0,0.0,0.0,0.0,0.0,0.0,0.0,0.0,1.0,0.0,0.0,0.0,0.0,0.0,0,0
44,AMY WICKNER,1.66666666667,0.238095238095,0.333333333333,0.047619047619,3.0,0.428571428571,2.0,0.285714285714,7.0,2.66666666667,9.57,0.0,0.0,0.0,0.0,0.0,0.0,0.0,0.0,0.0,0.0,0.0,0.0,1.0,0.0,0.0,0.0,0.0,0.0,0,0
45,ANDREA CRUMRINE,0.0,0.0,0.0,0.0,,,,,7.0,15.0,8.14,0.0,0.0,0.0,0.0,0.0,0.0,0.0,0.0,0.0,0.0,0.0,0.0,0.0,0.0,1.0,0.0,0.0,0.0,0,0
46,ANDREA ESPARZA,0.0,0.0,0.0,0.0,,,,,7.0,15.0,8.14,0.0,0.0,0.0,0.0,0.0,0.0,0.0,0.0,0.0,0.0,0.0,0.0,0.0,0.0,1.0,0.0,0.0,0.0,0,0
47,ANDREA ROMANO,0.75,0.321428571429,4.5,0.732142857143,4.0,0.666666666667,17.0,2.83333333333,5.0,4.0,10.2333333333,0.0,0.0,0.0,0.75,0.0,0.0,0.0,0.0,0.25,0.0,0.0,0.0,0.0,0.0,0.0,0.0,0.0,0.0,0,0
48,ANGEL LI,0.0,0.0,1.0,0.166666666667,0.0,0.0,1.0,0.166666666667,6.0,13.0,4.0,0.0,1.0,0.0,0.0,0.0,0.0,0.0,0.0,0.0,0.0,0.0,0.0,0.0,0.0,0.0,0.0,0.0,0.0,0,0
49,ANGELA LEE,1.0,0.2,3.0,0.6,,,,,5.0,6.0,11.17,0.0,0.0,0.0,0.0,0.0,0.0,0.0,0.0,0.0,0.0,0.0,0.0,0.0,0.0,1.0,0.0,0.0,0.0,0,0
50,ANGELA LIN,1.33333333333,0.209523809524,6.66666666667,1.17777777778,0.0,0.0,4.0,0.666666666667,6.0,7.66666666667,8.19,0.0,0.0,0.0,0.0,0.0,0.0,0.0,0.0,0.0,1.0,0.0,0.0,0.0,0.0,0.0,0.0,0.0,0.0,0,0
51,ANGELA ZHU,0.0,0.0,3.5,0.547619047619,,,,,6.5,2.0,12.2,0.0,0.0,1.0,0.0,0.0,0.0,0.0,0.0,0.0,0.0,0.0,0.0,0.0,0.0,0.0,0.0,0.0,0.0,0,0
52,ANGELICA BOYDEN,3.0,0.64880952381,5.25,0.970238095238,2.0,0.285714285714,8.0,1.14285714286,5.25,2.25,10.8666666667,0.0,0.0,0.0,0.0,0.0,0.0,0.0,0.0,0.0,0.0,0.0,1.0,0.0,0.0,0.0,0.0,0.0,0.0,0,0
53,ANGELINA KIM,1.0,0.142857142857,2.0,0.285714285714,,,,,7.0,16.0,11.0,0.0,0.0,0.0,0.0,0.0,0.0,0.0,1.0,0.0,0.0,0.0,0.0,0.0,0.0,0.0,0.0,0.0,0.0,0,0
54,ANH-THU CHANG,0.0,0.0,0.0,0.0,,,,,4.0,12.0,12.71,0.0,0.0,0.0,0.0,0.0,0.0,0.0,0.0,0.0,0.0,0.0,0.0,0.0,0.0,0.0,0.0,0.0,1.0,0,0
55,ANNA BUCHER,2.0,0.312698412699,2.33333333333,0.387301587301,1.0,0.166666666667,4.0,0.666666666667,6.0,7.66666666667,8.19,0.0,0.0,0.0,0.0,0.0,0.0,0.0,0.0,0.0,1.0,0.0,0.0,0.0,0.0,0.0,0.0,0.0,0.0,0,0
56,ANNA HARE,3.0,0.555555555557,5.33333333333,0.984126984128,1.0,0.166666666667,6.0,1.0,5.66666666667,9.66666666667,9.58,0.0,0.0,0.0,0.0,0.0,0.0,0.0,0.0,0.0,0.333333333333,0.0,0.0,0.0,0.666666666667,0.0,0.0,0.0,0.0,0,0
57,ANNA HROVAT-STAEDTER,3.0,0.482142857143,5.0,1.08928571429,,,,,5.5,10.0,12.855,0.0,0.0,0.0,0.0,0.0,1.0,0.0,0.0,0.0,0.0,0.0,0.0,0.0,0.0,0.0,0.0,0.0,0.0,0,0
58,ANNA MARIA PARUK,7.0,1.75,0.0,0.0,,,,,4.0,12.0,12.71,0.0,0.0,0.0,0.0,0.0,0.0,0.0,0.0,0.0,0.0,0.0,0.0,0.0,0.0,0.0,0.0,0.0,1.0,0,0
59,ANNA MEMBRINO,1.0,0.142857142857,6.5,1.01190476191,0.0,0.0,6.0,1.0,6.5,13.5,5.715,0.0,1.0,0.0,0.0,0.0,0.0,0.0,0.0,0.0,0.0,0.0,0.0,0.0,0.0,0.0,0.0,0.0,0.0,0,0
60,ANNA MEYERS,6.0,0.857142857143,3.0,0.428571428571,,,,,7.0,15.0,8.14,0.0,0.0,0.0,0.0,0.0,0.0,0.0,0.0,0.0,0.0,0.0,0.0,0.0,0.0,1.0,0.0,0.0,0.0,0,0
61,ANNA NAZAROV,3.2,0.414285714286,5.6,0.914285714285,7.0,1.0,7.0,1.0,6.6,2.2,10.7925,1.0,0.0,0.0,1.0,0.0,0.0,0.0,0.0,0.0,0.0,0.0,0.0,0.0,0.0,0.0,0.0,0.0,0.0,1,1
62,ANNA NEWTON,2.0,0.4,5.0,1.0,,,,,5.0,5.0,10.86,0.0,0.0,0.0,0.0,0.0,0.0,0.0,0.0,0.0,1.0,0.0,0.0,0.0,0.0,0.0,0.0,0.0,0.0,0,0
63,ANNA SCHOTT,1.5,0.238095238095,2.5,0.380952380952,0.0,0.0,0.0,0.0,6.5,3.5,7.735,0.0,0.0,0.0,0.0,0.0,0.0,0.5,0.0,0.0,0.0,0.0,0.0,0.0,0.0,0.5,0.0,0.0,0.0,0,0
64,ANNA UPDYKE,4.0,0.666666666667,0.0,0.0,1.0,0.166666666667,2.0,0.333333333333,6.0,11.0,3.83,0.0,0.0,0.0,0.0,0.0,0.0,1.0,0.0,0.0,0.0,0.0,0.0,0.0,0.0,0.0,0.0,0.0,0.0,0,0
65,ANNA WILLIAMS,1.0,0.25,1.5,0.375,,,,,5.5,10.0,12.855,0.0,0.0,0.0,0.0,0.0,1.0,0.0,0.0,0.0,0.0,0.0,0.0,0.0,0.0,0.0,0.0,0.0,0.0,0,0
66,ANNE HEMMELGARN,5.0,0.714285714286,3.0,0.428571428571,,,,,7.0,16.0,11.0,0.0,0.0,0.0,0.0,0.0,0.0,0.0,1.0,0.0,0.0,0.0,0.0,0.0,0.0,0.0,0.0,0.0,0.0,0,0
67,ANNE MERCIER,4.0,0.571428571429,14.0,2.0,5.0,0.714285714286,9.0,1.28571428571,7.0,1.0,8.535,0.0,0.0,0.0,0.0,0.0,0.0,0.0,0.0,0.0,0.0,0.0,0.0,1.0,0.0,0.0,0.0,0.0,0.0,0,0
68,ANNE ORTIZ,1.0,0.171428571429,0.0,0.0,,,,,6.0,10.5,9.655,0.0,0.0,0.0,0.0,0.0,0.0,0.0,0.0,0.0,0.0,0.0,0.0,0.0,0.0,1.0,0.0,0.0,0.0,0,0
69,ANNE PRICE,2.0,0.285714285714,0.0,0.0,,,,,7.0,6.0,11.64,0.0,0.0,0.0,0.0,0.0,0.0,0.0,0.0,0.0,0.0,0.0,0.0,1.0,0.0,0.0,0.0,0.0,0.0,0,0
70,ANNE SILVER,1.5,0.226190476191,0.5,0.0714285714285,1.0,0.166666666667,2.0,0.333333333333,6.5,13.5,5.715,0.0,1.0,0.0,0.0,0.0,0.0,0.0,0.0,0.0,0.0,0.0,0.0,0.0,0.0,0.0,0.0,0.0,0.0,0,0
71,ANNIE NEWTON,6.0,1.0,6.0,1.0,0.0,0.0,7.0,1.16666666667,6.0,9.0,3.0,0.0,0.0,0.0,0.0,0.0,0.0,0.0,0.0,0.0,1.0,0.0,0.0,0.0,0.0,0.0,0.0,0.0,0.0,0,0
72,ARLIE STERN,0.5,0.0714285714285,2.0,0.285714285714,,,,,4.0,2.0,13.43,0.0,0.0,0.0,1.0,0.0,0.0,0.0,0.0,0.0,0.0,0.0,0.0,0.0,0.0,0.0,0.0,0.0,0.0,0,0
73,ARLIE TSANG,1.0,0.142857142857,1.0,0.142857142857,0.0,0.0,1.0,0.142857142857,7.0,2.0,4.14,0.0,0.0,0.0,1.0,0.0,0.0,0.0,0.0,0.0,0.0,0.0,0.0,0.0,0.0,0.0,0.0,0.0,0.0,0,0
74,ARTHI PADMANABHAN,1.0,0.222222222222,1.33333333333,0.277777777778,1.0,0.166666666667,0.0,0.0,5.66666666667,10.6666666667,9.96,0.0,0.0,0.0,0.0,0.0,1.0,0.0,0.0,0.0,0.0,0.0,0.0,0.0,0.0,0.0,0.0,0.0,0.0,0,0
75,ASHLEY BLACK,1.0,0.25,1.0,0.166666666666,1.0,0.166666666667,3.0,0.5,5.0,8.0,8.69,0.0,0.0,0.0,0.0,0.0,0.0,0.0,0.0,1.0,0.0,0.0,0.0,0.0,0.0,0.0,0.0,0.0,0.0,0,0
76,ASHLEY CHAN,0.0,0.0,0.0,0.0,,,,,4.0,12.0,12.71,0.0,0.0,0.0,0.0,0.0,0.0,0.0,0.0,0.0,0.0,0.0,0.0,0.0,0.0,0.0,0.0,0.0,1.0,0,0
77,ASHLEY DALY MORGAN,11.0,1.77777777778,2.66666666667,0.420634920635,3.0,0.5,3.0,0.5,6.33333333333,5.66666666667,9.34666666667,0.0,0.333333333333,0.0,0.0,0.0,0.0,0.333333333333,0.0,0.0,0.0,0.0,0.0,0.333333333333,0.0,0.0,0.0,0.0,0.0,1,0
78,ASHLEY UN,1.0,0.25,1.0,0.25,,,,,4.0,15.0,13.43,0.0,0.0,0.0,0.0,1.0,0.0,0.0,0.0,0.0,0.0,0.0,0.0,0.0,0.0,0.0,0.0,0.0,0.0,0,0
79,AUBRI BISHOP,0.0,0.0,0.0,0.0,0.0,0.0,0.0,0.0,6.0,15.0,4.33,0.0,0.0,0.0,0.0,0.0,0.0,0.0,0.0,0.0,0.0,0.0,0.0,0.0,1.0,0.0,0.0,0.0,0.0,0,0
80,AUDREY WEI,3.0,0.579365079365,1.66666666667,0.380952380952,1.0,0.166666666667,0.0,0.0,5.66666666667,7.66666666667,9.27,0.0,0.0,0.0,0.0,0.0,0.0,0.0,0.0,1.0,0.0,0.0,0.0,0.0,0.0,0.0,0.0,0.0,0.0,0,0
81,AUSTINE LIN,0.0,0.0,1.0,0.142857142857,1.0,0.142857142857,2.0,0.285714285714,7.0,4.0,4.14,0.0,0.0,0.0,0.0,0.0,0.0,0.0,0.0,0.0,0.0,0.0,0.0,0.0,0.0,1.0,0.0,0.0,0.0,0,0
82,BAILEY ZAHNISER,0.666666666667,0.103174603175,1.66666666667,0.539682539682,,,,,4.66666666667,2.0,14.085,0.0,0.0,0.0,0.0,0.0,0.0,0.0,0.0,0.0,0.0,0.0,1.0,0.0,0.0,0.0,0.0,0.0,0.0,0,0
83,BARBARA KARIA-MARTON,2.0,0.4,2.0,0.4,,,,,5.0,6.0,11.17,0.0,0.0,0.0,0.0,0.0,0.0,0.0,0.0,0.0,0.0,0.0,0.0,0.0,0.0,1.0,0.0,0.0,0.0,0,0
84,BECCA LUDFORD,4.33333333333,0.706349206348,1.0,0.166666666667,1.0,0.166666666667,0.0,0.0,6.33333333333,3.0,9.52333333333,0.0,0.0,0.666666666667,0.0,0.0,0.0,0.0,0.333333333333,0.0,0.0,0.0,0.0,0.0,0.0,0.0,0.0,0.0,0.0,0,0
85,BECCA SHELTON,2.0,0.285714285714,0.0,0.0,0.0,0.0,1.0,0.142857142857,7.0,4.0,4.14,0.0,0.0,0.0,0.0,0.0,0.0,0.0,0.0,0.0,0.0,0.0,0.0,0.0,0.0,1.0,0.0,0.0,0.0,0,0
86,BECKIE ZIPP,1.33333333333,0.277777777778,2.0,0.361111111111,0.0,0.0,4.0,0.666666666667,5.66666666667,11.6666666667,10.0233333333,0.0,0.0,0.0,0.0,0.0,0.0,0.0,0.0,0.0,0.0,0.0,0.0,0.0,1.0,0.0,0.0,0.0,0.0,0,0
87,BECKY LEDONNE,5.0,0.809523809522,4.0,0.630952380952,1.0,0.166666666667,3.0,0.5,6.5,10.5,7.585,0.0,0.0,0.0,0.0,0.0,1.0,0.0,0.0,0.0,0.0,0.0,0.0,0.0,0.0,0.0,0.0,0.0,0.0,0,0
88,BECKY MALINOWSKI,11.6666666667,1.86507936508,7.66666666667,1.2380952381,3.0,0.5,4.0,0.666666666667,6.33333333333,3.33333333333,9.46666666667,0.0,0.0,1.0,0.0,0.0,0.0,0.0,0.0,0.0,0.0,0.0,0.0,0.0,0.0,0.0,0.0,0.0,0.0,1,0
89,BECKY MOORE,0.0,0.0,0.0,0.0,0.0,0.0,0.0,0.0,6.0,5.0,4.17,0.0,0.0,0.0,0.0,0.0,0.0,0.0,1.0,0.0,0.0,0.0,0.0,0.0,0.0,0.0,0.0,0.0,0.0,0,0
90,BETHANY KAYLOR,6.0,0.857142857143,8.0,1.14285714286,,,,,7.0,11.0,11.67,0.0,0.0,0.0,0.0,0.0,0.0,0.0,0.0,0.0,0.0,0.0,0.0,0.0,1.0,0.0,0.0,0.0,0.0,0,0
91,BETSY CALKINS,0.0,0.0,0.0,0.0,0.0,0.0,2.0,0.333333333333,6.0,6.0,4.0,0.0,0.0,1.0,0.0,0.0,0.0,0.0,0.0,0.0,0.0,0.0,0.0,0.0,0.0,0.0,0.0,0.0,0.0,0,0
92,BEX FORTH,4.0,0.571428571429,6.0,0.857142857143,4.0,0.571428571429,3.0,0.428571428571,7.0,4.0,4.14,0.0,0.0,0.0,0.0,0.0,0.0,0.0,0.0,0.0,0.0,0.0,0.0,0.0,0.0,1.0,0.0,0.0,0.0,0,0
93,BIZ COOK,8.0,1.33333333333,2.0,0.333333333333,1.0,0.166666666667,5.0,0.833333333333,6.0,12.0,4.17,0.0,0.0,0.0,0.0,0.0,1.0,0.0,0.0,0.0,0.0,0.0,0.0,0.0,0.0,0.0,0.0,0.0,0.0,0,0
94,BLAKE SPITZ,1.5,0.25,0.0,0.0,1.0,0.166666666667,0.0,0.0,6.0,4.5,8.7,0.0,0.0,1.0,0.0,0.0,0.0,0.0,0.0,0.0,0.0,0.0,0.0,0.0,0.0,0.0,0.0,0.0,0.0,0,0
95,BRE AUSTIN,2.0,0.333333333333,1.0,0.166666666667,2.0,0.333333333333,5.0,0.833333333333,6.0,15.0,4.33,0.0,0.0,0.0,0.0,0.0,0.0,0.0,0.0,0.0,0.0,0.0,0.0,0.0,1.0,0.0,0.0,0.0,0.0,0,0
96,BRENNA HOKANSON,4.0,0.666666666667,1.0,0.166666666667,2.0,0.333333333333,8.0,1.33333333333,6.0,11.0,3.83,0.0,0.0,0.0,0.0,0.0,0.0,1.0,0.0,0.0,0.0,0.0,0.0,0.0,0.0,0.0,0.0,0.0,0.0,0,0
97,BRIANA CAHN,8.66666666667,1.71428571429,6.66666666667,1.18650793651,6.0,1.0,10.0,1.66666666667,5.66666666667,7.66666666667,9.27,0.0,0.0,0.0,0.0,0.0,0.0,0.0,0.0,1.0,0.0,0.0,0.0,0.0,0.0,0.0,0.0,0.0,0.0,1,0
98,BRITTANY KAPLAN,1.0,0.142857142857,6.5,0.964285714285,2.0,0.333333333333,5.0,0.833333333333,6.5,13.5,5.715,0.0,1.0,0.0,0.0,0.0,0.0,0.0,0.0,0.0,0.0,0.0,0.0,0.0,0.0,0.0,0.0,0.0,0.0,0,0
99,BRITTANY SMITH,0.0,0.0,5.0,0.714285714286,,,,,7.0,14.0,7.43,0.0,1.0,0.0,0.0,0.0,0.0,0.0,0.0,0.0,0.0,0.0,0.0,0.0,0.0,0.0,0.0,0.0,0.0,0,0
100,BRITTNEY KOKINOS,0.0,0.0,1.0,0.142857142857,,,,,7.0,9.0,11.0,0.0,0.0,0.0,0.0,0.0,1.0,0.0,0.0,0.0,0.0,0.0,0.0,0.0,0.0,0.0,0.0,0.0,0.0,0,0
101,BROOKE STANISLAWSKI,1.0,0.25,0.5,0.125,,,,,5.5,11.5,13.645,0.0,0.0,0.0,0.0,0.0,0.0,0.0,0.0,0.0,0.0,0.5,0.0,0.0,0.0,0.0,0.5,0.0,0.0,0,0
102,CAITLIN REDDING,1.0,0.142857142857,0.0,0.0,,,,,7.0,6.0,11.64,0.0,0.0,0.0,0.0,0.0,0.0,0.0,0.0,0.0,0.0,0.0,0.0,1.0,0.0,0.0,0.0,0.0,0.0,0,0
103,CALISE CARDENAS,8.0,1.41071428571,2.5,0.595238095238,5.0,0.714285714286,3.0,0.428571428571,5.25,2.25,10.8666666667,0.0,0.0,0.0,0.0,0.0,0.0,0.0,0.0,0.0,0.0,0.0,1.0,0.0,0.0,0.0,0.0,0.0,0.0,1,1
104,CALLIE MAH,1.5,0.214285714286,2.0,0.285714285714,0.0,0.0,3.0,0.428571428571,6.5,3.0,9.3,0.0,0.0,0.0,0.0,0.0,0.0,0.0,0.0,0.0,0.0,0.0,1.0,0.0,0.0,0.0,0.0,0.0,0.0,0,0
105,CARA BROWN,0.0,0.0,1.5,0.238095238095,1.0,0.166666666667,4.0,0.666666666667,6.5,13.5,5.715,0.0,1.0,0.0,0.0,0.0,0.0,0.0,0.0,0.0,0.0,0.0,0.0,0.0,0.0,0.0,0.0,0.0,0.0,0,0
106,CARA CROUCH,3.5,0.523809523809,11.5,1.67857142857,5.0,0.714285714286,8.0,1.14285714286,6.5,2.5,4.14,1.0,0.0,0.0,0.0,0.0,0.0,0.0,0.0,0.0,0.0,0.0,0.0,0.0,0.0,0.5,0.0,0.5,0.0,0,0
107,CAROL CHEN,0.5,0.125,0.0,0.0,,,,,5.5,7.0,12.07,0.0,0.0,0.0,0.0,0.0,0.0,0.0,0.0,1.0,0.0,0.0,0.0,0.0,0.0,0.0,0.0,0.0,0.0,0,0
108,CAROL LI,2.0,0.329365079365,5.33333333333,1.05555555556,1.0,0.166666666667,0.0,0.0,5.66666666667,11.3333333333,8.96,0.0,0.0,0.0,0.0,0.0,0.0,0.0,1.0,0.0,0.0,0.0,0.0,0.0,0.0,0.0,0.0,0.0,0.0,0,0
109,CAROLINA GONZALEZ-LLANOS,3.0,0.75,0.0,0.0,,,,,4.0,16.0,15.29,0.0,0.0,0.0,0.0,0.0,0.0,0.0,0.0,0.0,0.0,0.0,0.0,0.0,0.0,0.0,1.0,0.0,0.0,0,0
110,CAROLINE PEARSON,0.0,0.0,0.0,0.0,,,,,6.0,7.0,10.785,0.0,0.0,0.0,0.0,0.0,0.0,0.0,0.0,0.0,1.0,0.0,0.0,0.0,0.0,0.0,0.0,0.0,0.0,0,0
111,CAROLYN FINNEY,3.0,0.366666666667,5.4,0.866666666667,2.0,0.285714285714,6.0,0.857142857143,6.6,2.2,10.7925,0.0,0.0,0.0,1.0,0.0,0.0,0.0,0.0,0.0,0.0,0.0,0.0,0.0,0.0,0.0,0.0,0.0,0.0,1,0
112,CAROLYN MATTHEWS,2.0,0.355555555555,3.33333333333,0.622222222222,2.0,0.333333333333,10.0,1.66666666667,5.66666666667,7.66666666667,9.62333333333,0.0,0.0,0.0,0.0,0.0,0.0,1.0,0.0,0.0,0.0,0.0,0.0,0.0,0.0,0.0,0.0,0.0,0.0,0,0
113,CASEY GORMAN,3.0,0.75,0.0,0.0,,,,,4.0,15.0,13.43,0.0,0.0,0.0,0.0,1.0,0.0,0.0,0.0,0.0,0.0,0.0,0.0,0.0,0.0,0.0,0.0,0.0,0.0,0,0
114,CASSANDRA SWAFFORD,4.0,0.571428571429,26.0,3.71428571429,,,,,7.0,7.0,12.0,0.0,0.0,0.0,0.0,0.0,0.0,0.0,0.0,0.0,0.0,1.0,0.0,0.0,0.0,0.0,0.0,0.0,0.0,0,0
115,CASSANDRA WONG,5.0,0.714285714285,0.5,0.0714285714285,3.0,0.5,4.0,0.666666666667,6.5,7.0,7.5,0.0,0.5,0.5,0.0,0.0,0.0,0.0,0.0,0.0,0.0,0.0,0.0,0.0,0.0,0.0,0.0,0.0,0.0,1,0
116,CASTLE SINICROPE,1.75,0.190476190476,0.5,0.0565476190476,2.0,0.285714285714,3.0,0.428571428571,6.75,2.0,9.85666666667,0.0,0.0,0.0,1.0,0.0,0.0,0.0,0.0,0.0,0.0,0.0,0.0,0.0,0.0,0.0,0.0,0.0,0.0,0,0
117,CATE ROSCOE,0.0,0.0,4.0,0.666666666667,1.0,0.166666666667,7.0,1.16666666667,6.0,15.0,4.33,0.0,0.0,0.0,0.0,0.0,0.0,0.0,0.0,0.0,0.0,0.0,0.0,0.0,1.0,0.0,0.0,0.0,0.0,0,0
118,CATHERINE CATE ROSCOE,3.0,0.589285714286,5.5,1.16071428571,,,,,5.5,10.0,12.87,0.0,0.0,0.0,0.0,0.0,0.0,0.0,0.0,0.0,0.0,0.0,0.0,0.0,1.0,0.0,0.0,0.0,0.0,0,0
119,CATHERINE CHEN,0.0,0.0,1.0,0.25,,,,,4.0,7.0,13.71,0.0,0.0,0.0,0.0,0.0,0.0,0.0,0.0,1.0,0.0,0.0,0.0,0.0,0.0,0.0,0.0,0.0,0.0,0,0
120,CATHERINE WOODHURST,1.0,0.171428571429,0.5,0.1,,,,,6.0,7.0,10.785,0.0,0.0,0.0,0.0,0.0,0.0,0.0,0.0,0.0,1.0,0.0,0.0,0.0,0.0,0.0,0.0,0.0,0.0,0,0
121,CELINE SLEDGE,1.5,0.214285714286,0.5,0.0714285714285,1.0,0.166666666667,0.0,0.0,6.5,9.0,6.855,0.0,0.0,0.0,0.0,0.0,0.0,0.0,0.0,0.0,1.0,0.0,0.0,0.0,0.0,0.0,0.0,0.0,0.0,0,0
122,CHARLIE EIDE,0.0,0.0,0.0,0.0,,,,,1.0,1.0,,0.0,0.0,0.0,0.0,0.0,0.0,0.0,0.0,0.0,0.0,0.0,1.0,0.0,0.0,0.0,0.0,0.0,0.0,0,0
123,CHARLIE MERCER,2.75,0.422619047619,2.25,0.339285714286,3.0,0.428571428571,1.0,0.142857142857,5.25,2.25,10.8666666667,0.0,0.0,0.0,0.0,0.0,0.0,0.0,0.0,0.0,0.0,0.0,1.0,0.0,0.0,0.0,0.0,0.0,0.0,0,0
124,CHELSEA MURPHY,4.5,0.678571428572,1.0,0.154761904762,,,,,6.5,2.0,12.2,0.0,0.0,1.0,0.0,0.0,0.0,0.0,0.0,0.0,0.0,0.0,0.0,0.0,0.0,0.0,0.0,0.0,0.0,0,0
125,CHELSEA WITTE-GARCIA,4.0,0.666666666667,1.0,0.166666666667,,,,,6.0,3.0,13.4,0.0,0.0,1.0,0.0,0.0,0.0,0.0,0.0,0.0,0.0,0.0,0.0,0.0,0.0,0.0,0.0,0.0,0.0,0,0
126,CHLOE GREENE,5.0,0.714285714286,5.0,0.714285714286,,,,,7.0,7.0,12.0,0.0,0.0,0.0,0.0,0.0,0.0,0.0,0.0,0.0,0.0,1.0,0.0,0.0,0.0,0.0,0.0,0.0,0.0,0,0
127,CHLOE MANDELL,1.5,0.333333333334,1.0,0.208333333334,1.0,0.166666666667,2.0,0.333333333333,5.0,12.0,9.2,0.0,0.0,0.0,0.0,0.0,0.0,0.0,0.0,0.0,0.0,0.0,0.0,0.0,1.0,0.0,0.0,0.0,0.0,0,0
128,CHRISTIE KIM,1.33333333333,0.222222222222,0.666666666667,0.111111111111,2.0,0.333333333333,1.0,0.166666666667,6.33333333333,3.33333333333,9.46666666667,0.0,0.0,1.0,0.0,0.0,0.0,0.0,0.0,0.0,0.0,0.0,0.0,0.0,0.0,0.0,0.0,0.0,0.0,0,0
129,CHRISTIE LAWRY,2.0,0.285714285714,5.0,0.714285714286,0.0,0.0,3.0,0.428571428571,7.0,1.0,4.36,0.0,0.0,0.0,0.0,0.0,0.0,0.0,0.0,0.0,0.0,0.0,0.0,1.0,0.0,0.0,0.0,0.0,0.0,0,0
130,CHRISTINA CONTRERAS,8.0,1.31428571428,1.5,0.242857142857,1.0,0.142857142857,4.0,0.571428571429,6.0,5.0,7.655,0.0,0.0,0.0,0.0,0.0,0.0,0.0,0.0,0.0,0.0,0.0,0.0,0.0,0.0,1.0,0.0,0.0,0.0,0,0
131,CHRISTINA EFFERTZ,1.0,0.142857142857,0.0,0.0,,,,,7.0,9.0,10.71,0.0,0.0,0.0,0.0,0.0,0.0,0.0,0.0,0.0,1.0,0.0,0.0,0.0,0.0,0.0,0.0,0.0,0.0,0,0
132,CHRISTINA MCDOWELL,2.0,0.4,3.0,0.6,,,,,5.0,9.0,13.71,0.0,0.0,0.0,0.0,0.0,0.0,1.0,0.0,0.0,0.0,0.0,0.0,0.0,0.0,0.0,0.0,0.0,0.0,0,0
133,CHRISTINA MICKLE,0.5,0.1,1.0,0.166666666666,,,,,5.5,6.0,12.52,0.0,0.0,0.0,0.0,0.0,0.0,1.0,0.0,0.0,0.0,0.0,0.0,0.0,0.0,0.0,0.0,0.0,0.0,0,0
134,CHRISTINA SUR,7.0,1.0,3.0,0.428571428571,,,,,7.0,16.0,11.0,0.0,0.0,0.0,0.0,0.0,0.0,0.0,1.0,0.0,0.0,0.0,0.0,0.0,0.0,0.0,0.0,0.0,0.0,0,0
135,CHRISTINE BOOKHOUT,6.0,0.857142857143,1.0,0.142857142857,,,,,7.0,7.0,12.0,0.0,0.0,0.0,0.0,0.0,0.0,0.0,0.0,0.0,0.0,1.0,0.0,0.0,0.0,0.0,0.0,0.0,0.0,0,0
136,CHRISTINE DUBE,9.0,1.5,7.0,1.16666666667,3.0,0.5,7.0,1.16666666667,6.0,5.0,4.17,0.0,0.0,0.0,0.0,0.0,0.0,0.0,1.0,0.0,0.0,0.0,0.0,0.0,0.0,0.0,0.0,0.0,0.0,0,0
137,CHRISTY CHEUNG,3.0,0.6,2.0,0.4,,,,,5.0,9.0,13.71,0.0,0.0,0.0,0.0,0.0,0.0,1.0,0.0,0.0,0.0,0.0,0.0,0.0,0.0,0.0,0.0,0.0,0.0,0,0
138,CLAIRE CHASTAIN,1.33333333333,0.233333333333,12.3333333333,2.16666666667,5.0,0.833333333333,19.0,3.16666666667,5.66666666667,8.66666666667,9.79,0.0,0.0,0.0,0.0,0.0,0.0,0.666666666667,0.0,0.0,0.0,0.333333333333,0.0,0.0,0.0,0.0,0.0,0.0,0.0,1,1
139,CLAIRE DESMOND,7.4,1.75238095238,4.0,0.52619047619,3.0,0.428571428571,2.0,0.285714285714,6.6,2.2,10.7925,0.0,0.0,0.0,1.0,0.0,0.0,0.0,0.0,0.0,0.0,0.0,0.0,0.0,0.0,0.0,0.0,0.0,0.0,1,1
140,CLAIRE HENLY,0.666666666667,0.111111111111,2.0,0.333333333333,0.0,0.0,6.0,1.0,5.66666666667,7.66666666667,9.62333333333,0.0,0.0,0.0,0.0,0.0,0.0,1.0,0.0,0.0,0.0,0.0,0.0,0.0,0.0,0.0,0.0,0.0,0.0,0,0
141,CLAIRE JENCKS,3.0,0.428571428571,0.0,0.0,,,,,7.0,9.0,11.0,0.0,0.0,0.0,0.0,0.0,1.0,0.0,0.0,0.0,0.0,0.0,0.0,0.0,0.0,0.0,0.0,0.0,0.0,0,0
142,CLAIRE REINTGEN,1.0,0.142857142857,2.0,0.285714285714,,,,,7.0,6.0,11.64,0.0,0.0,0.0,0.0,0.0,0.0,0.0,0.0,0.0,0.0,0.0,0.0,1.0,0.0,0.0,0.0,0.0,0.0,0,0
143,CLAIRE REMINGTON,0.0,0.0,1.0,0.25,,,,,4.0,15.0,13.43,0.0,0.0,0.0,0.0,1.0,0.0,0.0,0.0,0.0,0.0,0.0,0.0,0.0,0.0,0.0,0.0,0.0,0.0,0,0
144,CLAIRE SHARMAN,11.0,1.68452380952,2.5,0.464285714286,7.0,1.0,5.0,0.714285714286,7.5,4.5,10.07,0.0,0.0,0.0,0.5,0.0,0.0,0.0,0.0,0.5,0.0,0.0,0.0,0.0,0.0,0.0,0.0,0.0,0.0,1,0
145,CLAUDIA TAJIMA,1.66666666667,0.261904761905,6.0,0.952380952382,2.0,0.333333333333,8.0,1.33333333333,6.33333333333,3.33333333333,9.46666666667,0.0,0.0,1.0,0.0,0.0,0.0,0.0,0.0,0.0,0.0,0.0,0.0,0.0,0.0,0.0,0.0,0.0,0.0,1,0
146,CORINNE MCKITTRICK,0.0,0.0,0.0,0.0,0.0,0.0,5.0,0.833333333333,5.0,11.5,9.44,0.0,0.0,0.0,0.0,0.0,1.0,0.0,0.0,0.0,0.0,0.0,0.0,0.0,0.0,0.0,0.0,0.0,0.0,0,0
147,COURTNEY KIESOW,2.33333333333,0.365079365079,0.333333333333,0.0555555555557,1.0,0.166666666667,2.0,0.333333333333,6.33333333333,3.33333333333,9.46666666667,0.0,0.0,1.0,0.0,0.0,0.0,0.0,0.0,0.0,0.0,0.0,0.0,0.0,0.0,0.0,0.0,0.0,0.0,1,0
148,COURTNEY VERHAALEN,0.0,0.0,0.0,0.0,,,,,7.0,1.0,11.0,0.0,0.0,1.0,0.0,0.0,0.0,0.0,0.0,0.0,0.0,0.0,0.0,0.0,0.0,0.0,0.0,0.0,0.0,0,0
149,CREE HOWARD,5.83333333333,0.867063492064,2.83333333333,0.650793650794,3.0,0.428571428571,4.0,0.571428571429,6.5,2.0,10.7925,1.0,0.0,0.0,0.833333333333,0.0,0.0,0.0,0.0,0.0,0.0,0.0,0.0,0.0,0.0,0.0,0.0,0.166666666667,0.0,1,0
150,CRYSTAL DAVIS,2.0,0.31746031746,1.0,0.15873015873,0.0,0.0,0.0,0.0,6.66666666667,1.66666666667,9.46666666667,0.0,0.0,0.0,0.0,0.0,0.0,0.333333333333,0.0,0.0,0.0,0.0,0.0,0.666666666667,0.0,0.0,0.0,0.0,0.0,1,0
151,DARRAGH CLANCY,4.2,0.545238095238,1.4,0.169047619048,0.0,0.0,2.0,0.285714285714,6.6,2.2,10.7925,0.0,0.0,0.0,1.0,0.0,0.0,0.0,0.0,0.0,0.0,0.0,0.0,0.0,0.0,0.0,0.0,0.0,0.0,0,0
152,DELIA CHIU,1.33333333333,0.234126984127,3.33333333333,0.615079365079,2.0,0.333333333333,8.0,1.33333333333,5.66666666667,11.6666666667,10.0233333333,0.0,0.0,0.0,0.0,0.0,0.0,0.0,0.0,0.0,0.0,0.0,0.0,0.0,1.0,0.0,0.0,0.0,0.0,0,0
153,DENA SLATTERY,4.33333333333,0.755555555556,11.6666666667,2.1,4.0,0.666666666667,8.0,1.33333333333,5.66666666667,7.66666666667,9.62333333333,0.0,0.0,0.0,0.0,0.0,0.0,1.0,0.0,0.0,0.0,0.0,0.0,0.0,0.0,0.0,0.0,0.0,0.0,1,1
154,DEVON ERICKSEN,1.0,0.142857142857,0.0,0.0,,,,,7.0,7.0,12.0,0.0,0.0,0.0,0.0,0.0,0.0,0.0,0.0,0.0,0.0,1.0,0.0,0.0,0.0,0.0,0.0,0.0,0.0,0,0
155,DIANA CHARRIER,3.66666666667,0.58253968254,2.0,0.32380952381,2.0,0.285714285714,4.0,0.571428571429,6.0,4.33333333333,9.63666666667,0.0,0.0,0.0,0.333333333333,0.0,0.0,0.0,0.0,0.0,0.0,0.0,0.0,0.0,0.0,0.666666666667,0.0,0.0,0.0,0,0
156,DIANA DELEO,4.0,0.666666666667,0.0,0.0,0.0,0.0,1.0,0.166666666667,6.0,13.0,4.0,0.0,1.0,0.0,0.0,0.0,0.0,0.0,0.0,0.0,0.0,0.0,0.0,0.0,0.0,0.0,0.0,0.0,0.0,0,0
157,DIANA ELSNER,0.0,0.0,1.0,0.25,,,,,4.0,16.0,15.29,0.0,0.0,0.0,0.0,0.0,0.0,0.0,0.0,0.0,0.0,0.0,0.0,0.0,0.0,0.0,1.0,0.0,0.0,0,0
158,DIANA LAM,1.0,0.166666666667,0.0,0.0,1.0,0.166666666667,2.0,0.333333333333,6.0,14.0,4.33,0.0,0.0,0.0,0.0,0.0,0.0,0.0,0.0,0.0,0.0,1.0,0.0,0.0,0.0,0.0,0.0,0.0,0.0,0,0
159,DOMINIQUE FONTENETTE,5.25,1.42261904762,5.25,1.21428571429,0.0,0.0,4.0,0.571428571429,5.25,2.25,10.8666666667,0.0,0.0,0.0,0.0,0.0,0.0,0.0,0.0,0.0,0.0,0.0,1.0,0.0,0.0,0.0,0.0,0.0,0.0,0,0
160,DORI FRANKLIN,0.0,0.0,1.0,0.166666666667,0.0,0.0,2.0,0.333333333333,6.0,11.0,3.83,0.0,0.0,0.0,0.0,0.0,0.0,1.0,0.0,0.0,0.0,0.0,0.0,0.0,0.0,0.0,0.0,0.0,0.0,0,0
161,DOROTHE FRANKLIN,0.0,0.0,0.5,0.0833333333335,,,,,5.5,6.0,12.52,0.0,0.0,0.0,0.0,0.0,0.0,1.0,0.0,0.0,0.0,0.0,0.0,0.0,0.0,0.0,0.0,0.0,0.0,0,0
162,DORY ZIPERSTEIN,1.0,0.142857142857,5.33333333333,0.849206349208,0.0,0.0,0.0,0.0,6.33333333333,3.33333333333,9.46666666667,0.0,0.0,1.0,0.0,0.0,0.0,0.0,0.0,0.0,0.0,0.0,0.0,0.0,0.0,0.0,0.0,0.0,0.0,0,0
163,DREW JOHNSON,2.0,0.285714285714,6.0,0.857142857143,5.0,0.714285714286,9.0,1.28571428571,7.0,3.0,4.43,0.0,0.0,0.0,0.0,0.0,0.0,0.0,0.0,0.0,0.0,0.0,1.0,0.0,0.0,0.0,0.0,0.0,0.0,0,0
164,EDEN MARSICEK,1.0,0.25,9.0,2.25,,,,,4.0,12.0,12.71,0.0,0.0,0.0,0.0,0.0,0.0,0.0,0.0,0.0,0.0,0.0,0.0,0.0,0.0,0.0,0.0,0.0,1.0,0,0
165,EDITH TENG,0.0,0.0,3.0,0.504761904762,0.0,0.0,3.0,0.428571428571,6.33333333333,8.33333333333,7.81666666667,0.0,0.0,0.0,0.0,0.0,0.0,0.0,0.0,0.0,0.0,0.0,0.0,0.0,0.0,1.0,0.0,0.0,0.0,0,0
166,EILEEN PEACH REGAN,0.0,0.0,0.0,0.0,,,,,4.0,15.0,13.43,0.0,0.0,0.0,0.0,1.0,0.0,0.0,0.0,0.0,0.0,0.0,0.0,0.0,0.0,0.0,0.0,0.0,0.0,0,0
167,ELAINE LEUNG,0.0,0.0,5.0,1.25,,,,,4.0,12.0,12.71,0.0,0.0,0.0,0.0,0.0,0.0,0.0,0.0,0.0,0.0,0.0,0.0,0.0,0.0,0.0,0.0,0.0,1.0,0,0
168,ELAINE SAYLER,4.0,1.0,0.0,0.0,,,,,4.0,15.0,13.43,0.0,0.0,0.0,0.0,1.0,0.0,0.0,0.0,0.0,0.0,0.0,0.0,0.0,0.0,0.0,0.0,0.0,0.0,0,0
169,ELANA SCHWAM,4.33333333333,0.68253968254,1.0,0.15873015873,0.0,0.0,0.0,0.0,6.33333333333,3.33333333333,9.46666666667,0.0,0.0,1.0,0.0,0.0,0.0,0.0,0.0,0.0,0.0,0.0,0.0,0.0,0.0,0.0,0.0,0.0,0.0,0,0
170,ELISABETH DUFFY,5.5,0.809523809522,0.5,0.0833333333335,,,,,6.5,2.5,13.515,0.0,0.0,0.0,1.0,0.0,0.0,0.0,0.0,0.0,0.0,0.0,0.0,0.0,0.0,0.0,0.0,0.0,0.0,0,0
171,ELISE RUFFIN,1.0,0.142857142857,5.0,0.714285714286,,,,,7.0,15.0,8.14,0.0,0.0,0.0,0.0,0.0,0.0,0.0,0.0,0.0,0.0,0.0,0.0,0.0,0.0,1.0,0.0,0.0,0.0,0,0
172,ELIZABETH CALKINS,0.0,0.0,0.0,0.0,,,,,6.0,3.0,13.4,0.0,0.0,1.0,0.0,0.0,0.0,0.0,0.0,0.0,0.0,0.0,0.0,0.0,0.0,0.0,0.0,0.0,0.0,0,0
173,ELIZABETH GRONERT,1.0,0.142857142857,7.0,1.0,,,,,7.0,9.0,11.0,0.0,0.0,0.0,0.0,0.0,1.0,0.0,0.0,0.0,0.0,0.0,0.0,0.0,0.0,0.0,0.0,0.0,0.0,0,0
174,ELIZABETH LONGMIRE,2.0,0.285714285714,1.5,0.226190476191,1.0,0.166666666667,5.0,0.833333333333,6.5,10.5,8.165,0.0,0.0,0.0,0.0,0.0,0.0,0.0,0.0,0.0,0.0,1.0,0.0,0.0,0.0,0.0,0.0,0.0,0.0,0,0
175,ELIZABETH MIDDLETON,2.0,0.333333333333,1.0,0.166666666667,2.0,0.333333333333,5.0,0.833333333333,6.0,13.0,4.0,0.0,1.0,0.0,0.0,0.0,0.0,0.0,0.0,0.0,0.0,0.0,0.0,0.0,0.0,0.0,0.0,0.0,0.0,0,0
176,ELIZABETH PUGH,0.0,0.0,0.0,0.0,,,,,7.0,14.0,7.43,0.0,1.0,0.0,0.0,0.0,0.0,0.0,0.0,0.0,0.0,0.0,0.0,0.0,0.0,0.0,0.0,0.0,0.0,0,0
177,ELLE BURSTEIN,1.0,0.160714285714,0.5,0.0714285714285,1.0,0.142857142857,5.0,0.714285714286,5.25,2.25,10.8666666667,0.0,0.0,0.0,0.0,0.0,0.0,0.0,0.0,0.0,0.0,0.0,1.0,0.0,0.0,0.0,0.0,0.0,0.0,0,0
178,EMELIE MCKAIN,1.0,0.222222222222,3.0,0.611111111111,2.0,0.333333333333,7.0,1.16666666667,5.66666666667,11.6666666667,10.0233333333,0.0,0.0,0.0,0.0,0.0,0.0,0.0,0.0,0.0,0.0,0.0,0.0,0.0,1.0,0.0,0.0,0.0,0.0,0,0
179,EMILIA GARCIA,1.5,0.333333333334,1.0,0.166666666666,1.0,0.166666666667,5.0,0.833333333333,5.0,9.0,7.94,0.0,0.0,0.0,0.0,0.0,0.0,0.0,1.0,0.0,0.0,0.0,0.0,0.0,0.0,0.0,0.0,0.0,0.0,0,0
180,EMILIE WILLINGHAM,0.0,0.0,2.0,0.285714285714,,,,,7.0,16.0,11.0,0.0,0.0,0.0,0.0,0.0,0.0,0.0,1.0,0.0,0.0,0.0,0.0,0.0,0.0,0.0,0.0,0.0,0.0,0,0
181,EMILY BAECHER,0.75,0.125,5.5,0.845238095239,1.0,0.166666666667,8.0,1.33333333333,5.0,2.75,9.46666666667,0.0,0.0,0.75,0.0,0.0,0.0,0.0,0.0,0.0,0.0,0.0,0.25,0.0,0.0,0.0,0.0,0.0,0.0,1,0
182,EMILY CHO,0.0,0.0,2.0,0.333333333333,1.0,0.166666666667,2.0,0.333333333333,6.0,13.0,4.0,0.0,1.0,0.0,0.0,0.0,0.0,0.0,0.0,0.0,0.0,0.0,0.0,0.0,0.0,0.0,0.0,0.0,0.0,0,0
183,EMILY DAMON,7.0,0.583333333333,8.0,0.666666666667,,,,,12.0,2.0,12.0,0.0,0.0,0.0,1.0,0.0,0.0,0.0,0.0,0.0,0.0,0.0,0.0,0.0,0.0,0.0,0.0,0.0,0.0,0,0
184,EMILY DEPALMA,0.0,0.0,2.0,0.5,,,,,4.0,13.0,11.71,0.0,0.0,0.0,0.0,0.0,0.0,0.0,1.0,0.0,0.0,0.0,0.0,0.0,0.0,0.0,0.0,0.0,0.0,0,0
185,EMILY FLANDERS,1.66666666667,0.297619047619,1.66666666667,0.309523809524,2.0,0.333333333333,7.0,1.16666666667,5.66666666667,11.6666666667,10.0233333333,0.0,0.0,0.0,0.0,0.0,0.0,0.0,0.0,0.0,0.0,0.0,0.0,0.0,1.0,0.0,0.0,0.0,0.0,0,0
186,EMILY HADEL,2.0,0.337301587301,2.66666666667,0.52380952381,0.0,0.0,3.0,0.5,5.66666666667,11.3333333333,8.96,0.0,0.0,0.0,0.0,0.0,0.0,0.0,1.0,0.0,0.0,0.0,0.0,0.0,0.0,0.0,0.0,0.0,0.0,0,0
187,EMILY HANSON,1.0,0.166666666667,1.0,0.166666666667,0.0,0.0,1.0,0.166666666667,6.0,11.0,3.83,0.0,0.0,0.0,0.0,0.0,0.0,1.0,0.0,0.0,0.0,0.0,0.0,0.0,0.0,0.0,0.0,0.0,0.0,0,0
188,EMILY JENKINS,3.0,0.5,1.0,0.166666666667,0.0,0.0,2.0,0.333333333333,6.0,12.0,4.17,0.0,0.0,0.0,0.0,0.0,1.0,0.0,0.0,0.0,0.0,0.0,0.0,0.0,0.0,0.0,0.0,0.0,0.0,0,0
189,EMILY LANDER,3.5,0.660714285714,1.5,0.321428571429,,,,,5.5,10.0,12.855,0.0,0.0,0.0,0.0,0.0,1.0,0.0,0.0,0.0,0.0,0.0,0.0,0.0,0.0,0.0,0.0,0.0,0.0,0,0
190,EMILY LANGLAND,3.66666666667,0.567460317459,4.66666666667,0.888888888889,0.0,0.0,3.0,0.5,5.66666666667,10.6666666667,9.96,0.0,0.0,0.0,0.0,0.0,1.0,0.0,0.0,0.0,0.0,0.0,0.0,0.0,0.0,0.0,0.0,0.0,0.0,0,0
191,EMILY LLOYD,5.33333333333,0.866666666667,1.33333333333,0.247619047619,2.0,0.333333333333,1.0,0.166666666667,6.0,7.66666666667,8.19,0.0,0.0,0.0,0.0,0.0,0.0,0.0,0.0,0.0,1.0,0.0,0.0,0.0,0.0,0.0,0.0,0.0,0.0,0,0
192,EMILY PRADER,1.33333333333,0.261904761905,5.0,0.936507936509,1.0,0.166666666667,5.0,0.833333333333,5.66666666667,7.66666666667,9.27,0.0,0.0,0.0,0.0,0.0,0.0,0.0,0.0,1.0,0.0,0.0,0.0,0.0,0.0,0.0,0.0,0.0,0.0,0,0
193,EMILY STEGE,1.5,0.266666666666,0.5,0.0833333333335,0.0,0.0,2.0,0.333333333333,5.5,10.0,8.77,0.0,0.0,0.0,0.0,0.0,0.0,1.0,0.0,0.0,0.0,0.0,0.0,0.0,0.0,0.0,0.0,0.0,0.0,0,0
194,EMMA KAHLE,0.0,0.0,2.0,0.333333333333,0.0,0.0,0.0,0.0,6.0,13.0,4.0,0.0,1.0,0.0,0.0,0.0,0.0,0.0,0.0,0.0,0.0,0.0,0.0,0.0,0.0,0.0,0.0,0.0,0.0,0,0
195,EMMY KOLANZ,1.33333333333,0.297619047619,0.333333333333,0.0555555555557,0.0,0.0,0.0,0.0,5.66666666667,7.66666666667,9.27,0.0,0.0,0.0,0.0,0.0,0.0,0.0,0.0,1.0,0.0,0.0,0.0,0.0,0.0,0.0,0.0,0.0,0.0,0,0
196,ENESSA JANES,7.0,1.0,0.0,0.0,5.0,0.714285714286,3.0,0.428571428571,7.0,4.0,4.14,0.0,0.0,0.0,0.0,0.0,0.0,0.0,0.0,0.0,0.0,0.0,0.0,0.0,0.0,1.0,0.0,0.0,0.0,0,0
197,ERICA PETRU,1.0,0.25,8.0,2.0,,,,,4.0,12.0,12.71,0.0,0.0,0.0,0.0,0.0,0.0,0.0,0.0,0.0,0.0,0.0,0.0,0.0,0.0,0.0,0.0,0.0,1.0,0,0
198,ERIN DEVLIN,0.0,0.0,1.0,0.25,,,,,4.0,9.0,14.07,0.0,0.0,0.0,0.0,0.0,0.0,0.0,0.0,0.0,0.0,0.0,0.0,0.0,1.0,0.0,0.0,0.0,0.0,0,0
199,ERIN MORDECAI,1.0,0.166666666667,0.0,0.0,1.0,0.166666666667,3.0,0.5,6.0,14.0,4.33,0.0,0.0,0.0,0.0,0.0,0.0,0.0,0.0,0.0,0.0,1.0,0.0,0.0,0.0,0.0,0.0,0.0,0.0,0,0
200,ERIN NEWMAN,0.0,0.0,0.0,0.0,1.0,0.166666666667,3.0,0.5,5.0,11.5,9.44,0.0,0.0,0.0,0.0,0.0,1.0,0.0,0.0,0.0,0.0,0.0,0.0,0.0,0.0,0.0,0.0,0.0,0.0,0,0
201,ERIN SCHRAN,1.0,0.142857142857,1.0,0.142857142857,,,,,7.0,15.0,8.14,0.0,0.0,0.0,0.0,0.0,0.0,0.0,0.0,0.0,0.0,0.0,0.0,0.0,0.0,1.0,0.0,0.0,0.0,0,0
202,ERIN WILTGEN,0.5,0.0833333333335,0.5,0.0833333333335,1.0,0.166666666667,3.0,0.5,6.5,10.5,8.165,0.0,0.0,0.0,0.0,0.0,0.0,0.0,0.0,0.0,0.0,1.0,0.0,0.0,0.0,0.0,0.0,0.0,0.0,0,0
203,EVA FURY,0.0,0.0,2.0,0.5,,,,,4.0,12.0,12.71,0.0,0.0,0.0,0.0,0.0,0.0,0.0,0.0,0.0,0.0,0.0,0.0,0.0,0.0,0.0,0.0,0.0,1.0,0,0
204,EVA POPP,2.0,0.285714285714,1.0,0.142857142857,,,,,7.0,9.0,11.0,0.0,0.0,0.0,0.0,0.0,1.0,0.0,0.0,0.0,0.0,0.0,0.0,0.0,0.0,0.0,0.0,0.0,0.0,0,0
205,FIONA MCKIBBEN,2.0,0.523809523809,0.25,0.0357142857143,0.0,0.0,3.0,0.428571428571,5.25,2.25,10.8666666667,0.0,0.0,0.0,0.0,0.0,0.0,0.0,0.0,0.0,0.0,0.0,1.0,0.0,0.0,0.0,0.0,0.0,0.0,1,0
206,FLANNERY MCARDLE,1.0,0.142857142857,1.0,0.142857142857,,,,,7.0,1.0,11.0,0.0,0.0,1.0,0.0,0.0,0.0,0.0,0.0,0.0,0.0,0.0,0.0,0.0,0.0,0.0,0.0,0.0,0.0,0,0
207,FRANCES TSUKANO,5.0,0.714285714286,0.0,0.0,1.0,0.142857142857,2.0,0.285714285714,7.0,4.0,4.14,0.0,0.0,0.0,0.0,0.0,0.0,0.0,0.0,0.0,0.0,0.0,0.0,0.0,0.0,1.0,0.0,0.0,0.0,0,0
208,FRANNIE GOODRICH,3.0,0.5,1.0,0.166666666667,1.0,0.166666666667,0.0,0.0,6.0,14.0,4.33,0.0,0.0,0.0,0.0,0.0,0.0,0.0,0.0,0.0,0.0,1.0,0.0,0.0,0.0,0.0,0.0,0.0,0.0,0,0
209,GABRIELLE REEDY,0.0,0.0,0.0,0.0,3.0,0.5,6.0,1.0,6.0,9.0,3.67,0.0,0.0,0.0,0.0,0.0,0.0,0.0,0.0,1.0,0.0,0.0,0.0,0.0,0.0,0.0,0.0,0.0,0.0,0,0
210,GENEVIEVE LAROCHE,3.8,1.02380952381,1.2,0.116666666667,1.0,0.142857142857,4.0,0.571428571429,6.6,2.2,10.7925,0.0,0.0,0.0,1.0,0.0,0.0,0.0,0.0,0.0,0.0,0.0,0.0,0.0,0.0,0.0,0.0,0.0,0.0,0,0
211,GEORGIA BOSSCHER,6.5,0.937499999999,8.25,1.33333333333,6.0,1.0,15.0,2.5,7.0,6.5,10.2933333333,1.0,0.0,0.0,0.25,0.0,0.5,0.0,0.0,0.0,0.0,0.0,0.0,0.0,0.0,0.0,0.0,0.25,0.0,1,1
212,GRACE LAIDLAW,5.0,0.833333333333,0.0,0.0,1.0,0.166666666667,2.0,0.333333333333,6.0,9.0,3.67,0.0,0.0,0.0,0.0,0.0,0.0,0.0,0.0,1.0,0.0,0.0,0.0,0.0,0.0,0.0,0.0,0.0,0.0,0,0
213,GWEN AMBLER,2.25,0.97619047619,5.25,1.19047619048,2.0,0.285714285714,9.0,1.28571428571,5.25,2.25,10.8666666667,0.0,0.0,0.0,0.0,0.0,0.0,0.0,0.0,0.0,0.0,0.0,1.0,0.0,0.0,0.0,0.0,0.0,0.0,0,0
214,HAILEY ALM,1.0,0.166666666667,2.0,0.333333333333,0.0,0.0,8.0,1.33333333333,6.0,6.0,4.0,0.0,0.0,1.0,0.0,0.0,0.0,0.0,0.0,0.0,0.0,0.0,0.0,0.0,0.0,0.0,0.0,0.0,0.0,0,0
215,HALEY HUDSON,1.0,0.142857142857,5.0,0.714285714286,,,,,7.0,9.0,11.0,0.0,0.0,0.0,0.0,0.0,1.0,0.0,0.0,0.0,0.0,0.0,0.0,0.0,0.0,0.0,0.0,0.0,0.0,0,0
216,HALEY REESE,3.0,0.531746031746,2.33333333333,0.41746031746,2.0,0.333333333333,3.0,0.5,6.0,7.66666666667,8.19,0.0,0.0,0.0,0.0,0.0,0.0,0.0,0.0,0.0,1.0,0.0,0.0,0.0,0.0,0.0,0.0,0.0,0.0,0,0
217,HANA KAWAI,6.75,1.0,6.0,1.32142857143,9.0,1.28571428571,16.0,2.28571428571,5.25,2.25,10.8666666667,0.0,0.0,0.0,0.0,0.0,0.0,0.0,0.0,0.0,0.0,0.0,1.0,0.0,0.0,0.0,0.0,0.0,0.0,1,1
218,HANNAH BOONE,4.0,0.571428571429,0.0,0.0,,,,,7.0,6.0,11.64,0.0,0.0,0.0,0.0,0.0,0.0,0.0,0.0,0.0,0.0,0.0,0.0,1.0,0.0,0.0,0.0,0.0,0.0,0,0
219,HANNAH FRANK,2.0,0.285714285714,0.0,0.0,,,,,7.0,9.0,11.0,0.0,0.0,0.0,0.0,0.0,1.0,0.0,0.0,0.0,0.0,0.0,0.0,0.0,0.0,0.0,0.0,0.0,0.0,0,0
220,HANNAH HENKIN,1.0,0.25,0.0,0.0,,,,,4.0,15.0,13.43,0.0,0.0,0.0,0.0,1.0,0.0,0.0,0.0,0.0,0.0,0.0,0.0,0.0,0.0,0.0,0.0,0.0,0.0,0,0
221,HANNAH KREILKAMP,0.5,0.0833333333335,0.0,0.0,0.0,0.0,0.0,0.0,6.5,3.0,9.015,0.0,0.0,0.0,0.5,0.0,0.0,0.0,0.0,0.0,0.0,0.0,0.5,0.0,0.0,0.0,0.0,0.0,0.0,0,0
222,HANNAH LEATHERS,2.33333333333,0.436507936508,2.66666666667,0.446031746032,1.0,0.166666666667,0.0,0.0,6.0,7.66666666667,8.19,0.0,0.0,0.0,0.0,0.0,0.0,0.0,0.0,0.0,1.0,0.0,0.0,0.0,0.0,0.0,0.0,0.0,0.0,1,0
223,HANNAH MURRAY,1.0,0.142857142857,0.0,0.0,1.0,0.142857142857,1.0,0.142857142857,7.0,4.0,4.14,0.0,0.0,0.0,0.0,0.0,0.0,0.0,0.0,0.0,0.0,0.0,0.0,0.0,0.0,1.0,0.0,0.0,0.0,0,0
224,HAYLEY WAHLROOS,2.0,0.285714285714,11.0,1.57142857143,,,,,7.0,11.0,11.67,0.0,0.0,0.0,0.0,0.0,0.0,0.0,0.0,0.0,0.0,0.0,0.0,0.0,1.0,0.0,0.0,0.0,0.0,0,0
225,HEATHER ANN BRAUER,1.5,0.291666666666,0.0,0.0,1.0,0.166666666667,3.0,0.5,5.0,13.0,8.52,0.0,0.0,0.0,0.0,0.0,0.0,0.0,0.0,0.0,0.0,0.5,0.0,0.0,0.0,0.0,0.0,0.0,0.5,0,0
226,HEATHER WAUGH,3.66666666667,0.634920634921,3.33333333333,0.678571428571,1.0,0.166666666667,5.0,0.833333333333,5.66666666667,7.66666666667,9.27,0.0,0.0,0.0,0.0,0.0,0.0,0.0,0.0,1.0,0.0,0.0,0.0,0.0,0.0,0.0,0.0,0.0,0.0,0,0
227,HEATHER ZIMMERMAN,4.0,0.595238095238,5.0,0.75,4.0,0.666666666667,6.0,1.0,6.5,10.5,8.165,0.0,0.0,0.0,0.0,0.0,0.0,0.0,0.0,0.0,0.0,1.0,0.0,0.0,0.0,0.0,0.0,0.0,0.0,0,0
228,HEIDI-MARIE WIGGINS,2.0,0.285714285714,2.0,0.285714285714,1.0,0.142857142857,6.0,0.857142857143,7.0,3.0,4.43,0.0,0.0,0.0,0.0,0.0,0.0,0.0,0.0,0.0,0.0,0.0,1.0,0.0,0.0,0.0,0.0,0.0,0.0,0,0
229,HOLLY FISHER,0.0,0.0,2.0,0.285714285714,,,,,7.0,14.0,7.43,0.0,1.0,0.0,0.0,0.0,0.0,0.0,0.0,0.0,0.0,0.0,0.0,0.0,0.0,0.0,0.0,0.0,0.0,0,0
230,HOLLY GREUNKE,1.0,0.142857142857,5.0,0.714285714286,5.0,0.714285714286,5.0,0.714285714286,7.0,4.0,4.14,0.0,0.0,0.0,0.0,0.0,0.0,0.0,0.0,0.0,0.0,0.0,0.0,0.0,0.0,1.0,0.0,0.0,0.0,0,0
231,HULDAH GRONVALL,5.0,0.714285714286,2.0,0.285714285714,,,,,7.0,1.0,12.71,0.0,0.0,0.0,0.0,0.0,0.0,0.0,0.0,0.0,0.0,0.0,0.0,1.0,0.0,0.0,0.0,0.0,0.0,0,0
232,IRIS LEUNG,5.5,1.16071428571,1.0,0.196428571429,,,,,5.5,7.0,12.07,0.0,0.0,0.0,0.0,0.0,0.0,0.0,0.0,1.0,0.0,0.0,0.0,0.0,0.0,0.0,0.0,0.0,0.0,0,0
233,JACKIE BOOTH,0.0,0.0,0.0,0.0,0.0,0.0,2.0,0.333333333333,6.0,6.0,4.0,0.0,0.0,1.0,0.0,0.0,0.0,0.0,0.0,0.0,0.0,0.0,0.0,0.0,0.0,0.0,0.0,0.0,0.0,0,0
234,JACKIE FANE,4.0,1.0,7.0,1.75,,,,,4.0,16.0,15.29,0.0,0.0,0.0,0.0,0.0,0.0,0.0,0.0,0.0,0.0,0.0,0.0,0.0,0.0,0.0,1.0,0.0,0.0,0,0
235,JACLYN VERZUH,8.0,1.14285714286,8.0,1.14285714286,,,,,7.0,2.0,14.0,0.0,0.0,0.0,0.0,0.0,0.0,0.0,0.0,0.0,0.0,0.0,1.0,0.0,0.0,0.0,0.0,0.0,0.0,1,0
236,JACQUELINE JARIK,5.66666666667,1.16666666667,5.33333333333,0.904761904763,0.0,0.0,0.0,0.0,5.66666666667,11.3333333333,8.96,0.0,0.0,0.0,0.0,0.0,0.0,0.0,1.0,0.0,0.0,0.0,0.0,0.0,0.0,0.0,0.0,0.0,0.0,0,0
237,JACQUELINE LAI,0.5,0.0714285714285,0.5,0.125,,,,,5.5,14.5,11.355,0.0,0.0,0.0,0.0,0.0,0.0,0.0,1.0,0.0,0.0,0.0,0.0,0.0,0.0,0.0,0.0,0.0,0.0,0,0
238,JAMIE BARR,0.0,0.0,0.0,0.0,,,,,4.0,15.0,13.43,0.0,0.0,0.0,0.0,1.0,0.0,0.0,0.0,0.0,0.0,0.0,0.0,0.0,0.0,0.0,0.0,0.0,0.0,0,0
239,JANA KRUTSINGER,3.0,0.583333333334,10.0,1.93333333333,,,,,5.5,6.0,12.52,0.0,0.0,0.0,0.0,0.0,0.0,1.0,0.0,0.0,0.0,0.0,0.0,0.0,0.0,0.0,0.0,0.0,0.0,0,0
240,JANEL VENZANT,2.0,0.304761904762,2.66666666667,0.419047619048,0.0,0.0,9.0,1.28571428571,6.33333333333,8.33333333333,7.81666666667,0.0,0.0,0.0,0.0,0.0,0.0,0.0,0.0,0.0,0.0,0.0,0.0,0.0,0.0,1.0,0.0,0.0,0.0,0,0
241,JASMINE DRAPER-MATTHEW,4.5,0.803571428572,3.5,0.660714285714,,,,,5.5,10.0,12.855,0.0,0.0,0.0,0.0,0.0,1.0,0.0,0.0,0.0,0.0,0.0,0.0,0.0,0.0,0.0,0.0,0.0,0.0,0,0
242,JAZMINE CANEZ,0.0,0.0,0.0,0.0,,,,,4.0,12.0,12.71,0.0,0.0,0.0,0.0,0.0,0.0,0.0,0.0,0.0,0.0,0.0,0.0,0.0,0.0,0.0,0.0,0.0,1.0,0,0
243,JEAN  RUSSELL,0.0,0.0,0.0,0.0,,,,,5.0,9.0,13.71,0.0,0.0,0.0,0.0,0.0,0.0,1.0,0.0,0.0,0.0,0.0,0.0,0.0,0.0,0.0,0.0,0.0,0.0,0,0
244,JEN SANDERSON,2.0,0.333333333333,1.0,0.166666666667,3.0,0.5,2.0,0.333333333333,6.0,15.0,4.33,0.0,0.0,0.0,0.0,0.0,0.0,0.0,0.0,0.0,0.0,0.0,0.0,0.0,1.0,0.0,0.0,0.0,0.0,0,0
245,JENICA VILLAMOR,1.5,0.226190476191,2.0,0.309523809524,0.0,0.0,5.0,0.833333333333,6.5,13.0,8.0,0.0,0.0,0.0,0.0,0.0,0.0,0.0,0.0,0.0,0.0,0.0,0.0,0.0,1.0,0.0,0.0,0.0,0.0,0,0
246,JENNA DAHL,1.5,0.214285714286,3.0,0.696428571429,,,,,5.5,11.5,13.645,0.0,0.0,0.0,0.0,0.0,0.0,0.0,0.0,0.0,0.0,0.5,0.0,0.0,0.0,0.0,0.5,0.0,0.0,0,0
247,JENNIE LUMMIS,0.0,0.0,0.0,0.0,,,,,7.0,14.0,7.43,0.0,1.0,0.0,0.0,0.0,0.0,0.0,0.0,0.0,0.0,0.0,0.0,0.0,0.0,0.0,0.0,0.0,0.0,0,0
248,JENNIFER FOUNDS,0.5,0.0714285714285,1.5,0.321428571429,,,,,5.5,7.0,12.07,0.0,0.0,0.0,0.0,0.0,0.0,0.0,0.0,1.0,0.0,0.0,0.0,0.0,0.0,0.0,0.0,0.0,0.0,0,0
249,JENNIFER NOWAK,2.5,0.517857142857,1.0,0.142857142857,,,,,5.5,10.0,12.855,0.0,0.0,0.0,0.0,0.0,1.0,0.0,0.0,0.0,0.0,0.0,0.0,0.0,0.0,0.0,0.0,0.0,0.0,0,0
250,JENNIFER SCHMERLING,1.0,0.142857142857,5.0,0.714285714286,,,,,7.0,15.0,8.14,0.0,0.0,0.0,0.0,0.0,0.0,0.0,0.0,0.0,0.0,0.0,0.0,0.0,0.0,1.0,0.0,0.0,0.0,0,0
251,JENNIFER TIBBALS,11.0,2.16071428572,3.5,0.767857142857,,,,,5.5,10.0,12.87,0.0,0.0,0.0,0.0,0.0,0.0,0.0,0.0,0.0,0.0,0.0,0.0,0.0,1.0,0.0,0.0,0.0,0.0,0,0
252,JENNY FEY,9.0,1.28571428572,14.0,2.0,2.0,0.285714285714,4.0,0.571428571429,7.0,3.5,8.0,0.0,0.0,0.0,0.0,0.0,0.0,0.0,0.0,0.0,0.0,0.0,0.0,1.0,0.0,0.0,0.0,0.0,0.0,1,1
253,JENNY FOUNDS,0.0,0.0,1.0,0.166666666667,2.0,0.333333333333,4.0,0.666666666667,6.0,9.0,3.67,0.0,0.0,0.0,0.0,0.0,0.0,0.0,0.0,1.0,0.0,0.0,0.0,0.0,0.0,0.0,0.0,0.0,0.0,0,0
254,JENNY GAYNOR,2.0,0.333333333334,3.0,0.5,0.0,0.0,10.0,1.66666666667,5.0,11.5,9.44,0.0,0.0,0.0,0.0,0.0,1.0,0.0,0.0,0.0,0.0,0.0,0.0,0.0,0.0,0.0,0.0,0.0,0.0,0,0
255,JENNY TIBBALS,4.0,0.666666666667,2.0,0.333333333333,2.0,0.333333333333,7.0,1.16666666667,6.0,15.0,4.33,0.0,0.0,0.0,0.0,0.0,0.0,0.0,0.0,0.0,0.0,0.0,0.0,0.0,1.0,0.0,0.0,0.0,0.0,0,0
256,JESS HUYNH,2.0,0.285714285714,2.0,0.285714285714,0.0,0.0,3.0,0.428571428571,7.0,4.0,4.14,0.0,0.0,0.0,0.0,0.0,0.0,0.0,0.0,0.0,0.0,0.0,0.0,0.0,0.0,1.0,0.0,0.0,0.0,0,0
257,JESS SMITH,1.0,0.25,0.0,0.0,,,,,4.0,12.0,12.71,0.0,0.0,0.0,0.0,0.0,0.0,0.0,0.0,0.0,0.0,0.0,0.0,0.0,0.0,0.0,0.0,0.0,1.0,0,0
258,JESSE SHOFNER,4.5,1.01785714286,10.0,1.85714285714,,,,,5.5,10.0,12.87,0.0,0.0,0.0,0.0,0.0,0.0,0.0,0.0,0.0,0.0,0.0,0.0,0.0,1.0,0.0,0.0,0.0,0.0,1,0
259,JESSI JONES,6.5,0.92857142857,12.5,1.94047619048,4.0,0.666666666667,12.0,2.0,6.5,10.5,8.165,0.0,0.0,0.0,0.0,0.0,0.0,0.0,0.0,0.0,0.0,1.0,0.0,0.0,0.0,0.0,0.0,0.0,0.0,1,0
260,JESSICA HUYNH,3.0,0.6,5.0,1.0,,,,,5.0,6.0,11.17,0.0,0.0,0.0,0.0,0.0,0.0,0.0,0.0,0.0,0.0,0.0,0.0,0.0,0.0,1.0,0.0,0.0,0.0,0,0
261,JESSICA MAST,1.5,0.321428571429,1.0,0.142857142857,,,,,5.5,8.5,13.175,0.0,0.0,0.0,0.0,0.0,0.5,0.0,0.0,0.0,0.0,0.0,0.0,0.5,0.0,0.0,0.0,0.0,0.0,0,0
262,JESSICA O'CONNOR,3.0,0.428571428572,5.5,0.785714285716,,,,,7.0,3.5,12.175,0.0,0.0,0.0,0.0,0.0,0.0,0.0,0.0,0.0,0.0,0.0,0.0,1.0,0.0,0.0,0.0,0.0,0.0,1,0
263,JESSICA SIPPERLEY,3.0,0.589285714286,2.0,0.392857142857,,,,,5.5,14.5,11.355,0.0,0.0,0.0,0.0,0.0,0.0,0.0,1.0,0.0,0.0,0.0,0.0,0.0,0.0,0.0,0.0,0.0,0.0,0,0
264,JESSIE OÂCONNOR,2.0,0.285714285714,3.0,0.428571428571,4.0,0.571428571429,6.0,0.857142857143,7.0,1.0,4.36,0.0,0.0,0.0,0.0,0.0,0.0,0.0,0.0,0.0,0.0,0.0,0.0,1.0,0.0,0.0,0.0,0.0,0.0,0,0
265,JILLIAN GOODREAU,1.5,0.648809523809,0.25,0.0416666666668,0.0,0.0,0.0,0.0,5.25,2.25,10.8666666667,0.0,0.0,0.0,0.0,0.0,0.0,0.0,0.0,0.0,0.0,0.0,1.0,0.0,0.0,0.0,0.0,0.0,0.0,0,0
266,JIN-MI MATSUNAGA,1.0,0.142857142857,0.0,0.0,,,,,7.0,9.0,10.71,0.0,0.0,0.0,0.0,0.0,0.0,0.0,0.0,0.0,1.0,0.0,0.0,0.0,0.0,0.0,0.0,0.0,0.0,0,0
267,JINNY EUN,0.0,0.0,2.0,0.309523809524,0.0,0.0,3.0,0.5,6.5,8.0,7.5,0.0,0.0,0.0,0.0,0.0,0.0,0.0,0.0,0.0,0.5,0.5,0.0,0.0,0.0,0.0,0.0,0.0,0.0,0,0
268,JOANN WONG,3.5,0.821428571429,1.0,0.196428571429,,,,,5.5,10.0,12.855,0.0,0.0,0.0,0.0,0.0,1.0,0.0,0.0,0.0,0.0,0.0,0.0,0.0,0.0,0.0,0.0,0.0,0.0,0,0
269,JOANNE BURGESS,2.0,0.5,1.0,0.25,,,,,4.0,15.0,13.43,0.0,0.0,0.0,0.0,1.0,0.0,0.0,0.0,0.0,0.0,0.0,0.0,0.0,0.0,0.0,0.0,0.0,0.0,0,0
270,JOHANNAH SANCHEZ-ADAMS,5.5,0.916666666665,1.5,0.25,0.0,0.0,2.0,0.333333333333,6.5,10.5,8.165,0.0,0.0,0.0,0.0,0.0,0.0,0.0,0.0,0.0,0.0,1.0,0.0,0.0,0.0,0.0,0.0,0.0,0.0,0,0
271,JUDY JARVIS,3.5,0.535714285714,9.0,1.36904761905,2.0,0.333333333333,11.0,1.83333333333,6.5,13.5,5.715,0.0,1.0,0.0,0.0,0.0,0.0,0.0,0.0,0.0,0.0,0.0,0.0,0.0,0.0,0.0,0.0,0.0,0.0,0,0
272,JUDY WINGLEE,6.5,1.04761904762,3.0,0.464285714286,4.0,0.666666666667,7.0,1.16666666667,6.5,10.5,8.165,0.0,0.0,0.0,0.0,0.0,0.0,0.0,0.0,0.0,0.0,1.0,0.0,0.0,0.0,0.0,0.0,0.0,0.0,0,0
273,JULIA BLADIN,2.0,0.339285714286,5.0,0.875,,,,,5.5,11.5,12.19,0.0,0.0,0.0,0.0,0.0,0.0,0.0,0.0,0.0,0.0,0.0,0.0,0.0,0.5,0.0,0.0,0.0,0.5,0,0
274,JULIA SHERWOOD,3.0,0.369047619048,6.66666666667,0.773809523808,4.0,0.571428571429,6.0,0.857142857143,8.66666666667,5.0,9.27,0.0,0.0,0.0,0.666666666667,0.0,0.0,0.0,0.0,0.0,0.0,0.0,0.0,0.0,0.333333333333,0.0,0.0,0.0,0.0,1,0
275,JULIA SNYDER,1.0,0.142857142857,3.0,0.428571428571,,,,,7.0,2.0,14.0,0.0,0.0,0.0,0.0,0.0,0.0,0.0,0.0,0.0,0.0,0.0,1.0,0.0,0.0,0.0,0.0,0.0,0.0,0,0
276,JULIA WEINERT,0.0,0.0,0.0,0.0,1.0,0.166666666667,1.0,0.166666666667,6.0,5.0,4.17,0.0,0.0,0.0,0.0,0.0,0.0,0.0,1.0,0.0,0.0,0.0,0.0,0.0,0.0,0.0,0.0,0.0,0.0,0,0
277,JULIE CHEN,0.0,0.0,0.0,0.0,0.0,0.0,2.0,0.333333333333,6.0,12.0,4.17,0.0,0.0,0.0,0.0,0.0,1.0,0.0,0.0,0.0,0.0,0.0,0.0,0.0,0.0,0.0,0.0,0.0,0.0,0,0
278,JULIE EAGLE MALECEK,2.5,0.471428571429,5.0,0.828571428572,,,,,6.0,10.5,9.655,0.0,0.0,0.0,0.0,0.0,0.0,0.0,0.0,0.0,0.0,0.0,0.0,0.0,0.0,1.0,0.0,0.0,0.0,0,0
279,JULIE MALECEK,6.0,1.0,1.0,0.166666666667,0.0,0.0,5.0,0.833333333333,6.0,6.0,4.0,0.0,0.0,1.0,0.0,0.0,0.0,0.0,0.0,0.0,0.0,0.0,0.0,0.0,0.0,0.0,0.0,0.0,0.0,0,0
280,KACI CESSNA,4.0,0.666666666667,0.0,0.0,0.0,0.0,0.0,0.0,6.0,11.0,3.83,0.0,0.0,0.0,0.0,0.0,0.0,1.0,0.0,0.0,0.0,0.0,0.0,0.0,0.0,0.0,0.0,0.0,0.0,0,0
281,KAELA JORGENSON,4.4,0.495238095238,6.4,0.995238095239,6.0,0.857142857143,6.0,0.857142857143,6.6,2.2,10.7925,0.0,0.0,0.0,1.0,0.0,0.0,0.0,0.0,0.0,0.0,0.0,0.0,0.0,0.0,0.0,0.0,0.0,0.0,1,1
282,KALEY BENDER,0.0,0.0,1.0,0.25,,,,,4.0,12.0,12.71,0.0,0.0,0.0,0.0,0.0,0.0,0.0,0.0,0.0,0.0,0.0,0.0,0.0,0.0,0.0,0.0,0.0,1.0,0,0
283,KAMI GROOM,11.0,1.7380952381,8.0,1.2380952381,6.0,1.0,4.0,0.666666666667,6.33333333333,3.0,9.52333333333,0.0,0.0,0.666666666667,0.0,0.0,0.0,0.0,0.333333333333,0.0,0.0,0.0,0.0,0.0,0.0,0.0,0.0,0.0,0.0,1,1
284,KARA KELLY,0.0,0.0,0.0,0.0,,,,,4.0,7.0,13.71,0.0,0.0,0.0,0.0,0.0,0.0,0.0,0.0,1.0,0.0,0.0,0.0,0.0,0.0,0.0,0.0,0.0,0.0,0,0
285,KAREN CHALIF,3.0,0.5,1.0,0.166666666667,0.0,0.0,6.0,1.0,6.0,13.0,4.0,0.0,1.0,0.0,0.0,0.0,0.0,0.0,0.0,0.0,0.0,0.0,0.0,0.0,0.0,0.0,0.0,0.0,0.0,0,0
286,KATE KINGERY,3.0,0.458333333333,2.5,0.375,0.0,0.0,7.0,1.0,5.25,2.25,10.8666666667,0.0,0.0,0.0,0.0,0.0,0.0,0.0,0.0,0.0,0.0,0.0,1.0,0.0,0.0,0.0,0.0,0.0,0.0,0,0
287,KATE MORRISON,3.0,0.5,2.0,0.333333333333,3.0,0.5,4.0,0.666666666667,6.0,14.0,4.33,0.0,0.0,0.0,0.0,0.0,0.0,0.0,0.0,0.0,0.0,1.0,0.0,0.0,0.0,0.0,0.0,0.0,0.0,0,0
288,KATE SCHLAG,4.0,0.666666666667,0.0,0.0,0.0,0.0,5.0,0.833333333333,6.0,9.0,3.67,0.0,0.0,0.0,0.0,0.0,0.0,0.0,0.0,1.0,0.0,0.0,0.0,0.0,0.0,0.0,0.0,0.0,0.0,0,0
289,KATE STAMBAUGH,1.0,0.142857142857,1.0,0.142857142857,,,,,7.0,6.0,11.64,0.0,0.0,0.0,0.0,0.0,0.0,0.0,0.0,0.0,0.0,0.0,0.0,1.0,0.0,0.0,0.0,0.0,0.0,0,0
290,KATE WILSON,5.0,0.833333333333,6.0,1.0,4.0,0.666666666667,8.0,1.33333333333,6.0,9.0,3.0,0.0,0.0,0.0,0.0,0.0,0.0,0.0,0.0,0.0,1.0,0.0,0.0,0.0,0.0,0.0,0.0,0.0,0.0,0,0
291,KATELYN COBELENS,2.0,0.5,15.0,3.75,,,,,4.0,16.0,15.29,0.0,0.0,0.0,0.0,0.0,0.0,0.0,0.0,0.0,0.0,0.0,0.0,0.0,0.0,0.0,1.0,0.0,0.0,0,0
292,KATEY FORTH,7.33333333333,1.18095238095,12.0,1.90476190476,5.0,0.714285714286,15.0,2.14285714286,6.33333333333,8.33333333333,7.81666666667,0.0,0.0,0.0,0.0,0.0,0.0,0.0,0.0,0.0,0.0,0.0,0.0,0.0,0.0,1.0,0.0,0.0,0.0,1,1
293,KATH RATCLIFF,4.0,0.571428571429,11.0,1.57142857143,2.0,0.285714285714,8.0,1.14285714286,7.0,1.0,4.36,0.0,0.0,0.0,0.0,0.0,0.0,0.0,0.0,0.0,0.0,0.0,0.0,1.0,0.0,0.0,0.0,0.0,0.0,0,0
294,KATHERINE COLE,1.0,0.154761904762,1.5,0.226190476191,1.0,0.166666666667,2.0,0.333333333333,6.5,13.5,5.715,0.0,1.0,0.0,0.0,0.0,0.0,0.0,0.0,0.0,0.0,0.0,0.0,0.0,0.0,0.0,0.0,0.0,0.0,0,0
295,KATHERINE DOLARA,8.0,2.0,4.0,1.0,,,,,4.0,13.0,11.71,0.0,0.0,0.0,0.0,0.0,0.0,0.0,1.0,0.0,0.0,0.0,0.0,0.0,0.0,0.0,0.0,0.0,0.0,0,0
296,KATHERINE HINES,4.0,0.571428571429,0.0,0.0,,,,,7.0,9.0,10.71,0.0,0.0,0.0,0.0,0.0,0.0,0.0,0.0,0.0,1.0,0.0,0.0,0.0,0.0,0.0,0.0,0.0,0.0,0,0
297,KATHERINE WILSON,4.5,0.757142857143,9.0,1.57142857143,,,,,6.0,7.0,10.785,0.0,0.0,0.0,0.0,0.0,0.0,0.0,0.0,0.0,1.0,0.0,0.0,0.0,0.0,0.0,0.0,0.0,0.0,0,0
298,KATHERINE WOOTEN,2.33333333333,0.390476190476,15.0,2.55238095238,3.0,0.5,7.0,1.16666666667,6.0,7.66666666667,8.19,0.0,0.0,0.0,0.0,0.0,0.0,0.0,0.0,0.0,1.0,0.0,0.0,0.0,0.0,0.0,0.0,0.0,0.0,1,0
299,KATHLEEN DYER,4.5,1.01785714286,2.0,0.339285714286,,,,,5.5,14.5,11.355,0.0,0.0,0.0,0.0,0.0,0.0,0.0,1.0,0.0,0.0,0.0,0.0,0.0,0.0,0.0,0.0,0.0,0.0,0,0
300,KATHLEEN RATCLIFF,0.5,0.0714285714285,7.5,1.07142857143,,,,,7.0,3.5,12.175,0.0,0.0,0.0,0.0,0.0,0.0,0.0,0.0,0.0,0.0,0.0,0.0,1.0,0.0,0.0,0.0,0.0,0.0,1,0
301,KATHRYN (KATIE) BARRY,0.0,0.0,3.0,0.75,,,,,5.5,7.0,12.07,0.0,0.0,0.0,0.0,0.0,0.0,0.0,0.0,1.0,0.0,0.0,0.0,0.0,0.0,0.0,0.0,0.0,0.0,0,0
302,KATHRYN LAWSON,1.33333333333,0.190476190476,0.333333333333,0.047619047619,0.0,0.0,1.0,0.142857142857,4.66666666667,2.33333333333,9.3,0.0,0.0,0.0,0.0,0.0,0.0,0.0,0.0,0.0,0.0,0.0,1.0,0.0,0.0,0.0,0.0,0.0,0.0,0,0
303,KATHRYN WEATHERHEAD,2.0,0.333333333333,0.0,0.0,1.0,0.166666666667,6.0,1.0,6.0,15.0,4.33,0.0,0.0,0.0,0.0,0.0,0.0,0.0,0.0,0.0,0.0,0.0,0.0,0.0,1.0,0.0,0.0,0.0,0.0,0,0
304,KATIE BARRY,2.0,0.333333333333,2.0,0.333333333333,1.0,0.166666666667,11.0,1.83333333333,6.0,9.0,3.67,0.0,0.0,0.0,0.0,0.0,0.0,0.0,0.0,1.0,0.0,0.0,0.0,0.0,0.0,0.0,0.0,0.0,0.0,0,0
305,KATIE DOLARA OLSEN,2.0,0.333333333333,1.0,0.166666666667,2.0,0.333333333333,5.0,0.833333333333,6.0,5.0,4.17,0.0,0.0,0.0,0.0,0.0,0.0,0.0,1.0,0.0,0.0,0.0,0.0,0.0,0.0,0.0,0.0,0.0,0.0,0,0
306,KATIE DYER,1.0,0.166666666667,1.0,0.166666666667,1.0,0.166666666667,1.0,0.166666666667,6.0,5.0,4.17,0.0,0.0,0.0,0.0,0.0,0.0,0.0,1.0,0.0,0.0,0.0,0.0,0.0,0.0,0.0,0.0,0.0,0.0,0,0
307,KATIE FOX,1.0,0.25,6.0,1.5,,,,,4.0,16.0,15.29,0.0,0.0,0.0,0.0,0.0,0.0,0.0,0.0,0.0,0.0,0.0,0.0,0.0,0.0,0.0,1.0,0.0,0.0,0,0
308,KATIE PATTERSON,0.0,0.0,0.0,0.0,,,,,6.0,3.0,11.33,0.0,0.0,0.0,0.0,0.0,0.0,1.0,0.0,0.0,0.0,0.0,0.0,0.0,0.0,0.0,0.0,0.0,0.0,0,0
309,KATIE RAYNOLDS,0.5,0.125,0.0,0.0,,,,,5.5,14.5,11.355,0.0,0.0,0.0,0.0,0.0,0.0,0.0,1.0,0.0,0.0,0.0,0.0,0.0,0.0,0.0,0.0,0.0,0.0,0,0
310,KATIE RYAN,15.0,3.75,4.0,1.0,,,,,4.0,15.0,13.43,0.0,0.0,0.0,0.0,1.0,0.0,0.0,0.0,0.0,0.0,0.0,0.0,0.0,0.0,0.0,0.0,0.0,0.0,1,0
311,KATIE SILVERIA,1.0,0.25,2.0,0.5,,,,,4.0,12.0,12.71,0.0,0.0,0.0,0.0,0.0,0.0,0.0,0.0,0.0,0.0,0.0,0.0,0.0,0.0,0.0,0.0,0.0,1.0,0,0
312,KATIE TALAY,3.5,0.511904761905,0.0,0.0,0.0,0.0,1.0,0.166666666667,6.5,13.5,5.715,0.0,1.0,0.0,0.0,0.0,0.0,0.0,0.0,0.0,0.0,0.0,0.0,0.0,0.0,0.0,0.0,0.0,0.0,0,0
313,KATIE WEATHERHEAD,0.5,0.125,3.5,0.660714285714,,,,,5.5,10.0,12.87,0.0,0.0,0.0,0.0,0.0,0.0,0.0,0.0,0.0,0.0,0.0,0.0,0.0,1.0,0.0,0.0,0.0,0.0,0,0
314,KATY CRALEY,6.5,1.02380952381,1.5,0.214285714286,8.0,1.14285714286,6.0,0.857142857143,6.5,3.0,9.3,0.0,0.0,0.0,0.0,0.0,0.0,0.0,0.0,0.0,0.0,0.0,1.0,0.0,0.0,0.0,0.0,0.0,0.0,1,1
315,KATY HARRIS,1.5,0.214285714286,0.0,0.0,0.0,0.0,0.0,0.0,6.5,10.5,8.165,0.0,0.0,0.0,0.0,0.0,0.0,0.0,0.0,0.0,0.0,1.0,0.0,0.0,0.0,0.0,0.0,0.0,0.0,0,0
316,KAYLA EMRICK,2.0,0.400793650794,3.33333333333,0.615079365079,2.0,0.333333333333,3.0,0.5,5.66666666667,10.6666666667,9.96,0.0,0.0,0.0,0.0,0.0,1.0,0.0,0.0,0.0,0.0,0.0,0.0,0.0,0.0,0.0,0.0,0.0,0.0,0,0
317,KAYLA RAMIREZ,1.5,0.3,0.5,0.0714285714285,,,,,6.0,10.5,9.655,0.0,0.0,0.0,0.0,0.0,0.0,0.0,0.0,0.0,0.0,0.0,0.0,0.0,0.0,1.0,0.0,0.0,0.0,0,0
318,KELLEY KNEIB,0.0,0.0,2.0,0.333333333333,1.0,0.166666666667,6.0,1.0,6.0,11.0,3.83,0.0,0.0,0.0,0.0,0.0,0.0,1.0,0.0,0.0,0.0,0.0,0.0,0.0,0.0,0.0,0.0,0.0,0.0,0,0
319,KELLY BOLT,0.5,0.0833333333335,1.0,0.25,1.0,0.166666666667,0.0,0.0,5.0,9.0,7.94,0.0,0.0,0.0,0.0,0.0,0.0,0.0,1.0,0.0,0.0,0.0,0.0,0.0,0.0,0.0,0.0,0.0,0.0,0,0
320,KELLY HANSEN,4.0,0.702380952381,1.33333333333,0.242063492063,0.0,0.0,4.0,0.666666666667,5.66666666667,11.6666666667,10.0233333333,0.0,0.0,0.0,0.0,0.0,0.0,0.0,0.0,0.0,0.0,0.0,0.0,0.0,1.0,0.0,0.0,0.0,0.0,0,0
321,KELLY HYLAND,2.5,0.380952380952,6.0,0.940476190478,8.0,1.33333333333,5.0,0.833333333333,6.5,9.5,7.82,0.0,0.5,0.0,0.0,0.0,0.0,0.0,0.0,0.0,0.0,0.0,0.0,0.5,0.0,0.0,0.0,0.0,0.0,1,0
322,KELLY JOHNSON,1.75,0.47619047619,6.5,1.45238095238,6.0,1.0,10.0,1.66666666667,5.0,2.75,10.78,0.0,0.0,0.0,0.0,0.0,0.0,0.0,0.25,0.0,0.0,0.0,0.75,0.0,0.0,0.0,0.0,0.0,0.0,1,0
323,KELLY TIDWELL,7.0,1.16666666667,3.0,0.5,2.0,0.333333333333,8.0,1.33333333333,6.0,6.0,4.0,0.0,0.0,1.0,0.0,0.0,0.0,0.0,0.0,0.0,0.0,0.0,0.0,0.0,0.0,0.0,0.0,0.0,0.0,0,0
324,KELLY WIESE,4.33333333333,0.892857142857,2.66666666667,0.448412698413,8.0,1.33333333333,2.0,0.333333333333,5.66666666667,10.6666666667,9.96,0.0,0.0,0.0,0.0,0.0,1.0,0.0,0.0,0.0,0.0,0.0,0.0,0.0,0.0,0.0,0.0,0.0,0.0,0,0
325,KELSEY COLPITTS,0.0,0.0,3.0,0.5,0.0,0.0,8.0,1.33333333333,6.0,15.0,4.33,0.0,0.0,0.0,0.0,0.0,0.0,0.0,0.0,0.0,0.0,0.0,0.0,0.0,1.0,0.0,0.0,0.0,0.0,0,0
326,KELSEY DEVLIN,1.0,0.25,0.0,0.0,,,,,4.0,15.0,13.43,0.0,0.0,0.0,0.0,1.0,0.0,0.0,0.0,0.0,0.0,0.0,0.0,0.0,0.0,0.0,0.0,0.0,0.0,0,0
327,KELSEY JOHNSON,0.0,0.0,2.0,0.5,,,,,4.0,15.0,13.43,0.0,0.0,0.0,0.0,1.0,0.0,0.0,0.0,0.0,0.0,0.0,0.0,0.0,0.0,0.0,0.0,0.0,0.0,0,0
328,KELSEY VIARS,14.0,3.5,3.0,0.75,,,,,4.0,16.0,15.29,0.0,0.0,0.0,0.0,0.0,0.0,0.0,0.0,0.0,0.0,0.0,0.0,0.0,0.0,0.0,1.0,0.0,0.0,0,0
329,KENDRA FREDERICK,3.0,0.5,3.0,0.5,4.0,0.666666666667,0.0,0.0,6.0,13.0,4.0,0.0,1.0,0.0,0.0,0.0,0.0,0.0,0.0,0.0,0.0,0.0,0.0,0.0,0.0,0.0,0.0,0.0,0.0,0,0
330,KERI DORKO,6.0,1.5,4.0,1.0,,,,,4.0,15.0,13.43,0.0,0.0,0.0,0.0,1.0,0.0,0.0,0.0,0.0,0.0,0.0,0.0,0.0,0.0,0.0,0.0,0.0,0.0,0,0
331,KERRY BEYRER,2.0,0.333333333333,2.0,0.333333333333,0.0,0.0,4.0,0.666666666667,6.0,13.0,4.0,0.0,1.0,0.0,0.0,0.0,0.0,0.0,0.0,0.0,0.0,0.0,0.0,0.0,0.0,0.0,0.0,0.0,0.0,0,0
332,KEYA DAVANI,2.0,0.285714285714,0.0,0.0,,,,,7.0,15.0,8.14,0.0,0.0,0.0,0.0,0.0,0.0,0.0,0.0,0.0,0.0,0.0,0.0,0.0,0.0,1.0,0.0,0.0,0.0,0,0
333,KIMBER COLES,5.0,0.77619047619,4.33333333333,0.7126984127,2.0,0.333333333333,0.0,0.0,6.0,10.6666666667,9.05666666667,0.0,0.0,0.0,0.0,0.0,0.0,0.0,0.0,0.0,0.0,0.0,0.0,0.0,0.666666666667,0.333333333333,0.0,0.0,0.0,0,0
334,KIMBERLY BEACH,7.66666666667,1.09523809524,1.0,0.142857142857,3.0,0.428571428571,0.0,0.0,7.0,2.66666666667,9.57,0.0,0.0,0.0,0.0,0.0,0.0,0.0,0.0,0.0,0.0,0.0,0.0,1.0,0.0,0.0,0.0,0.0,0.0,0,0
335,KIMBERLY STREFF,1.5,0.321428571429,2.5,0.625,,,,,5.5,14.5,11.355,0.0,0.0,0.0,0.0,0.0,0.0,0.0,1.0,0.0,0.0,0.0,0.0,0.0,0.0,0.0,0.0,0.0,0.0,0,0
336,KIMBERLY TEE,4.0,1.0,1.0,0.25,,,,,4.0,12.0,12.71,0.0,0.0,0.0,0.0,0.0,0.0,0.0,0.0,0.0,0.0,0.0,0.0,0.0,0.0,0.0,0.0,0.0,1.0,0,0
337,KIRA LOU,2.0,0.285714285714,1.0,0.142857142857,,,,,7.0,7.0,10.43,0.0,0.0,0.0,0.0,0.0,0.0,0.0,0.0,1.0,0.0,0.0,0.0,0.0,0.0,0.0,0.0,0.0,0.0,0,0
338,KIRSTEN SHELL,4.0,0.733333333334,0.5,0.1,0.0,0.0,2.0,0.333333333333,5.5,7.0,6.93,0.0,0.0,0.0,0.0,0.0,0.0,0.0,0.0,0.0,1.0,0.0,0.0,0.0,0.0,0.0,0.0,0.0,0.0,0,0
339,KIRSTEN UNFRIED,6.5,0.988095238097,3.5,0.535714285714,1.0,0.142857142857,4.0,0.571428571429,6.5,2.0,8.88,0.0,0.0,0.5,0.0,0.0,0.0,0.0,0.0,0.0,0.0,0.0,0.0,0.5,0.0,0.0,0.0,0.0,0.0,0,0
340,KIRSTIN GRUVER,2.0,0.285714285714,2.0,0.285714285714,,,,,7.0,6.0,11.64,0.0,0.0,0.0,0.0,0.0,0.0,0.0,0.0,0.0,0.0,0.0,0.0,1.0,0.0,0.0,0.0,0.0,0.0,0,0
341,KIRSTIN JOHNSON,2.0,0.333333333333,3.0,0.5,,,,,6.0,3.0,11.33,0.0,0.0,0.0,0.0,0.0,0.0,1.0,0.0,0.0,0.0,0.0,0.0,0.0,0.0,0.0,0.0,0.0,0.0,1,0
342,KRISTIE BOWEN,3.0,0.568452380952,3.0,0.568452380952,1.0,0.142857142857,5.0,0.714285714286,6.75,2.0,9.85666666667,0.0,0.0,0.0,1.0,0.0,0.0,0.0,0.0,0.0,0.0,0.0,0.0,0.0,0.0,0.0,0.0,0.0,0.0,0,0
343,KRISTIN (CHARLIE) EIDE,3.5,0.547619047619,1.0,0.142857142857,,,,,6.5,2.5,14.085,0.0,0.0,0.0,0.0,0.0,0.0,0.0,0.0,0.0,0.0,0.0,1.0,0.0,0.0,0.0,0.0,0.0,0.0,0,0
344,KRISTIN FRANKE,0.666666666667,0.095238095238,2.66666666667,0.380952380952,0.0,0.0,1.0,0.142857142857,7.0,2.66666666667,9.57,0.0,0.0,0.0,0.0,0.0,0.0,0.0,0.0,0.0,0.0,0.0,0.0,1.0,0.0,0.0,0.0,0.0,0.0,0,0
345,KRISTIN ROSSER,0.0,0.0,0.0,0.0,,,,,4.0,15.0,13.43,0.0,0.0,0.0,0.0,1.0,0.0,0.0,0.0,0.0,0.0,0.0,0.0,0.0,0.0,0.0,0.0,0.0,0.0,0,0
346,KRISTINA SNODGRASS,16.0,3.03333333334,1.5,0.283333333334,,,,,5.5,6.0,12.52,0.0,0.0,0.0,0.0,0.0,0.0,1.0,0.0,0.0,0.0,0.0,0.0,0.0,0.0,0.0,0.0,0.0,0.0,0,0
347,KRISTOL DAS,0.0,0.0,0.0,0.0,,,,,7.0,16.0,11.0,0.0,0.0,0.0,0.0,0.0,0.0,0.0,1.0,0.0,0.0,0.0,0.0,0.0,0.0,0.0,0.0,0.0,0.0,0,0
348,KYRA CATABAY,1.0,0.142857142857,1.0,0.142857142857,,,,,7.0,7.0,12.0,0.0,0.0,0.0,0.0,0.0,0.0,0.0,0.0,0.0,0.0,1.0,0.0,0.0,0.0,0.0,0.0,0.0,0.0,0,0
349,LAKSHMI NARAYAN,3.6,0.664285714285,5.2,0.797619047618,2.0,0.285714285714,5.0,0.714285714286,6.6,2.2,10.7925,0.0,0.0,0.0,1.0,0.0,0.0,0.0,0.0,0.0,0.0,0.0,0.0,0.0,0.0,0.0,0.0,0.0,0.0,1,0
350,LANE SIEDOR,8.0,1.41587301587,2.0,0.331746031746,2.0,0.333333333333,2.0,0.333333333333,6.0,7.66666666667,8.19,0.0,0.0,0.0,0.0,0.0,0.0,0.0,0.0,0.0,1.0,0.0,0.0,0.0,0.0,0.0,0.0,0.0,0.0,0,0
351,LANI NGUYEN,7.0,1.75,0.0,0.0,,,,,4.0,12.0,12.71,0.0,0.0,0.0,0.0,0.0,0.0,0.0,0.0,0.0,0.0,0.0,0.0,0.0,0.0,0.0,0.0,0.0,1.0,0,0
352,LAURA BITTERMAN,9.66666666667,1.52380952381,1.66666666667,0.246031746032,3.0,0.5,7.0,1.16666666667,6.33333333333,3.33333333333,9.46666666667,0.0,0.0,1.0,0.0,0.0,0.0,0.0,0.0,0.0,0.0,0.0,0.0,0.0,0.0,0.0,0.0,0.0,0.0,1,0
353,LAURA LANDIS,1.0,0.142857142857,0.0,0.0,,,,,7.0,15.0,8.14,0.0,0.0,0.0,0.0,0.0,0.0,0.0,0.0,0.0,0.0,0.0,0.0,0.0,0.0,1.0,0.0,0.0,0.0,0,0
354,LAURA MOORE,5.5,1.16666666667,5.5,1.125,2.0,0.333333333333,5.0,0.833333333333,5.0,9.0,7.94,0.0,0.0,0.0,0.0,0.0,0.0,0.0,1.0,0.0,0.0,0.0,0.0,0.0,0.0,0.0,0.0,0.0,0.0,0,0
355,LAURA PAPE,3.0,0.428571428571,1.0,0.142857142857,,,,,7.0,1.0,12.71,0.0,0.0,0.0,0.0,0.0,0.0,0.0,0.0,0.0,0.0,0.0,0.0,1.0,0.0,0.0,0.0,0.0,0.0,0,0
356,LAURA PAYNE,0.0,0.0,0.0,0.0,,,,,4.0,16.0,15.29,0.0,0.0,0.0,0.0,0.0,0.0,0.0,0.0,0.0,0.0,0.0,0.0,0.0,0.0,0.0,1.0,0.0,0.0,0,0
357,LAUREL SCHMIDT,0.333333333333,0.047619047619,1.33333333333,0.305555555556,2.0,0.333333333333,4.0,0.666666666667,5.66666666667,10.6666666667,9.96,0.0,0.0,0.0,0.0,0.0,1.0,0.0,0.0,0.0,0.0,0.0,0.0,0.0,0.0,0.0,0.0,0.0,0.0,0,0
358,LAUREN BAECHER,0.5,0.1,2.0,0.366666666666,0.0,0.0,0.0,0.0,5.5,7.5,8.855,0.0,0.0,0.5,0.0,0.0,0.0,0.5,0.0,0.0,0.0,0.0,0.0,0.0,0.0,0.0,0.0,0.0,0.0,0,0
359,LAUREN BOYLE,2.0,0.366666666667,2.33333333333,0.411111111111,4.0,0.666666666667,3.0,0.5,5.66666666667,7.66666666667,9.62333333333,0.0,0.0,0.0,0.0,0.0,0.0,1.0,0.0,0.0,0.0,0.0,0.0,0.0,0.0,0.0,0.0,0.0,0.0,1,0
360,LAUREN CARDEN,1.0,0.166666666667,0.0,0.0,0.0,0.0,0.0,0.0,6.0,9.0,3.67,0.0,0.0,0.0,0.0,0.0,0.0,0.0,0.0,1.0,0.0,0.0,0.0,0.0,0.0,0.0,0.0,0.0,0.0,0,0
361,LAUREN CASEY,3.0,0.324404761905,3.5,0.395833333333,0.0,0.0,12.0,1.71428571429,6.75,2.0,9.85666666667,0.0,0.0,0.0,1.0,0.0,0.0,0.0,0.0,0.0,0.0,0.0,0.0,0.0,0.0,0.0,0.0,0.0,0.0,0,0
362,LAUREN DOYLE,2.0,0.285714285714,6.0,0.857142857143,,,,,7.0,14.0,7.43,0.0,1.0,0.0,0.0,0.0,0.0,0.0,0.0,0.0,0.0,0.0,0.0,0.0,0.0,0.0,0.0,0.0,0.0,0,0
363,LAUREN NELSON,3.0,0.5,3.0,0.5,0.0,0.0,2.0,0.333333333333,6.0,6.0,4.0,0.0,0.0,1.0,0.0,0.0,0.0,0.0,0.0,0.0,0.0,0.0,0.0,0.0,0.0,0.0,0.0,0.0,0.0,0,0
364,LAUREN PERUCCO,1.0,0.142857142857,0.666666666667,0.103174603175,2.0,0.333333333333,3.0,0.5,5.66666666667,10.6666666667,9.96,0.0,0.0,0.0,0.0,0.0,1.0,0.0,0.0,0.0,0.0,0.0,0.0,0.0,0.0,0.0,0.0,0.0,0.0,0,0
365,LAUREN SADLER,3.33333333333,0.476190476191,0.666666666667,0.095238095238,1.0,0.142857142857,1.0,0.142857142857,7.0,1.33333333333,10.3566666667,0.0,0.0,0.0,0.0,0.0,0.0,0.0,0.0,0.0,0.0,0.0,0.333333333333,0.666666666667,0.0,0.0,0.0,0.0,0.0,1,1
366,LAUREN TRUXILLO,1.0,0.142857142857,1.0,0.142857142857,,,,,7.0,11.0,11.67,0.0,0.0,0.0,0.0,0.0,0.0,0.0,0.0,0.0,0.0,0.0,0.0,0.0,1.0,0.0,0.0,0.0,0.0,0,0
367,LEAH BORSHEIM,3.0,0.5,6.0,1.0,4.0,0.666666666667,5.0,0.833333333333,6.0,11.0,3.83,0.0,0.0,0.0,0.0,0.0,0.0,1.0,0.0,0.0,0.0,0.0,0.0,0.0,0.0,0.0,0.0,0.0,0.0,0,0
368,LEAH TSINAJINNIE,1.0,0.142857142857,3.0,0.428571428571,1.0,0.142857142857,1.0,0.142857142857,7.0,5.0,7.535,0.0,0.0,0.0,0.0,0.0,0.0,0.0,0.0,0.0,0.5,0.0,0.0,0.5,0.0,0.0,0.0,0.0,0.0,0,0
369,LEILA TUNNELL,2.0,0.31746031746,11.6666666667,1.81746031746,0.0,0.0,8.0,1.33333333333,6.33333333333,3.33333333333,9.46666666667,0.0,0.0,1.0,0.0,0.0,0.0,0.0,0.0,0.0,0.0,0.0,0.0,0.0,0.0,0.0,0.0,0.0,0.0,1,1
370,LEXI ZALK,4.0,0.666666666667,1.0,0.166666666667,4.0,0.666666666667,0.0,0.0,6.0,13.0,4.0,0.0,1.0,0.0,0.0,0.0,0.0,0.0,0.0,0.0,0.0,0.0,0.0,0.0,0.0,0.0,0.0,0.0,0.0,0,0
371,LIEN HOFFMANN,9.66666666667,1.54761904762,6.33333333333,1.01587301587,8.0,1.33333333333,9.0,1.5,6.33333333333,3.0,9.52333333333,0.0,0.0,0.666666666667,0.0,0.0,0.0,0.0,0.333333333333,0.0,0.0,0.0,0.0,0.0,0.0,0.0,0.0,0.0,0.0,1,1
372,LIL BERLA,3.0,0.5,4.0,0.666666666667,3.0,0.5,7.0,1.16666666667,6.0,9.0,3.67,0.0,0.0,0.0,0.0,0.0,0.0,0.0,0.0,1.0,0.0,0.0,0.0,0.0,0.0,0.0,0.0,0.0,0.0,0,0
373,LILLIAN MORRIS,4.0,1.0,0.0,0.0,,,,,4.0,16.0,15.29,0.0,0.0,0.0,0.0,0.0,0.0,0.0,0.0,0.0,0.0,0.0,0.0,0.0,0.0,0.0,1.0,0.0,0.0,0,0
374,LILLIAN WHITE,1.0,0.171428571429,1.0,0.2,,,,,6.0,10.5,9.655,0.0,0.0,0.0,0.0,0.0,0.0,0.0,0.0,0.0,0.0,0.0,0.0,0.0,0.0,1.0,0.0,0.0,0.0,0,0
375,LILLY WHITE,2.0,0.285714285714,0.0,0.0,1.0,0.142857142857,2.0,0.285714285714,7.0,4.0,4.14,0.0,0.0,0.0,0.0,0.0,0.0,0.0,0.0,0.0,0.0,0.0,0.0,0.0,0.0,1.0,0.0,0.0,0.0,0,0
376,"LILY ""THUD"" LIN",1.0,0.25,4.0,1.0,,,,,4.0,7.0,13.71,0.0,0.0,0.0,0.0,0.0,0.0,0.0,0.0,1.0,0.0,0.0,0.0,0.0,0.0,0.0,0.0,0.0,0.0,0,0
377,LILY LIN,0.0,0.0,0.0,0.0,0.0,0.0,0.0,0.0,6.0,9.0,3.67,0.0,0.0,0.0,0.0,0.0,0.0,0.0,0.0,1.0,0.0,0.0,0.0,0.0,0.0,0.0,0.0,0.0,0.0,0,0
378,LINDSAY SOO,1.0,0.142857142857,0.0,0.0,,,,,7.0,7.0,12.0,0.0,0.0,0.0,0.0,0.0,0.0,0.0,0.0,0.0,0.0,1.0,0.0,0.0,0.0,0.0,0.0,0.0,0.0,0,0
379,LINDSEY CROSS,8.33333333333,1.52222222222,5.33333333333,0.944444444443,1.0,0.166666666667,9.0,1.5,5.66666666667,7.66666666667,9.62333333333,0.0,0.0,0.0,0.0,0.0,0.0,1.0,0.0,0.0,0.0,0.0,0.0,0.0,0.0,0.0,0.0,0.0,0.0,0,0
380,LINDSEY HACK,0.0,0.0,6.0,1.0,1.0,0.166666666667,4.0,0.666666666667,6.0,5.0,4.17,0.0,0.0,0.0,0.0,0.0,0.0,0.0,1.0,0.0,0.0,0.0,0.0,0.0,0.0,0.0,0.0,0.0,0.0,0,0
381,LINDSEY WILSON,0.0,0.0,8.0,2.0,,,,,4.0,12.0,12.71,0.0,0.0,0.0,0.0,0.0,0.0,0.0,0.0,0.0,0.0,0.0,0.0,0.0,0.0,0.0,0.0,0.0,1.0,0,0
382,LISA COUPER,5.5,0.916666666665,2.0,0.333333333333,2.0,0.333333333333,4.0,0.666666666667,6.0,8.5,8.965,0.0,0.0,0.0,0.5,0.0,0.0,0.0,0.0,0.0,0.0,0.5,0.0,0.0,0.0,0.0,0.0,0.0,0.0,0,0
383,LISA DOAN,3.0,0.522222222222,1.66666666667,0.288888888889,2.0,0.333333333333,2.0,0.333333333333,5.66666666667,7.66666666667,9.62333333333,0.0,0.0,0.0,0.0,0.0,0.0,1.0,0.0,0.0,0.0,0.0,0.0,0.0,0.0,0.0,0.0,0.0,0.0,0,0
384,LISA ETCHISON,0.0,0.0,0.0,0.0,0.0,0.0,1.0,0.142857142857,7.0,4.0,4.14,0.0,0.0,0.0,0.0,0.0,0.0,0.0,0.0,0.0,0.0,0.0,0.0,0.0,0.0,1.0,0.0,0.0,0.0,0,0
385,LISA FITTON,4.0,1.0,2.0,0.5,,,,,4.0,16.0,15.29,0.0,0.0,0.0,0.0,0.0,0.0,0.0,0.0,0.0,0.0,0.0,0.0,0.0,0.0,0.0,1.0,0.0,0.0,0,0
386,LISA PITCAITHLEY,5.0,1.36904761905,4.5,1.08928571429,2.0,0.285714285714,2.0,0.285714285714,5.25,2.25,10.39,0.0,0.0,0.0,1.0,0.0,0.0,0.0,0.0,0.0,0.0,0.0,0.0,0.0,0.0,0.0,0.0,0.0,0.0,1,0
387,LISI LOHRE,1.5,0.266666666666,5.5,1.06666666667,,,,,5.5,6.0,12.52,0.0,0.0,0.0,0.0,0.0,0.0,1.0,0.0,0.0,0.0,0.0,0.0,0.0,0.0,0.0,0.0,0.0,0.0,0,0
388,LIZ DUFFY,0.0,0.0,1.0,1.0,,,,,1.0,2.0,,0.0,0.0,0.0,1.0,0.0,0.0,0.0,0.0,0.0,0.0,0.0,0.0,0.0,0.0,0.0,0.0,0.0,0.0,0,0
389,LIZ PENNY,9.0,1.01785714286,5.0,0.565476190476,5.0,0.714285714286,3.0,0.428571428571,9.5,2.0,8.07,0.0,0.0,0.0,1.0,0.0,0.0,0.0,0.0,0.0,0.0,0.0,0.0,0.0,0.0,0.0,0.0,0.0,0.0,0,0
390,LIZ WILLETTS,1.0,0.166666666667,0.0,0.0,2.0,0.333333333333,2.0,0.333333333333,6.0,9.0,3.0,0.0,0.0,0.0,0.0,0.0,0.0,0.0,0.0,0.0,1.0,0.0,0.0,0.0,0.0,0.0,0.0,0.0,0.0,0,0
391,LIZA MINOR,11.0,2.21428571428,8.5,1.69642857143,,,,,5.5,10.0,12.855,0.0,0.0,0.0,0.0,0.0,1.0,0.0,0.0,0.0,0.0,0.0,0.0,0.0,0.0,0.0,0.0,0.0,0.0,0,0
392,LIZZY SHIEL,3.0,0.5,2.0,0.333333333333,1.0,0.166666666667,6.0,1.0,6.0,5.0,4.17,0.0,0.0,0.0,0.0,0.0,0.0,0.0,1.0,0.0,0.0,0.0,0.0,0.0,0.0,0.0,0.0,0.0,0.0,0,0
393,LORA LIEGEL,0.0,0.0,0.0,0.0,0.0,0.0,1.0,0.166666666667,6.0,15.0,4.33,0.0,0.0,0.0,0.0,0.0,0.0,0.0,0.0,0.0,0.0,0.0,0.0,0.0,1.0,0.0,0.0,0.0,0.0,0,0
394,LORRAINE GUERIN,3.0,0.75,3.0,0.75,,,,,4.0,11.0,14.71,0.0,0.0,0.0,0.0,0.0,1.0,0.0,0.0,0.0,0.0,0.0,0.0,0.0,0.0,0.0,0.0,0.0,0.0,0,0
395,LORYN KANEMARU,2.0,0.285714285714,6.0,1.5,4.0,0.571428571429,4.0,0.571428571429,5.5,3.25,9.33333333333,0.0,0.0,0.0,0.75,0.0,0.0,0.0,0.0,0.25,0.0,0.0,0.0,0.0,0.0,0.0,0.0,0.0,0.0,1,0
396,LUKIIH CUAN,1.5,0.242857142857,0.0,0.0,,,,,6.0,10.5,9.655,0.0,0.0,0.0,0.0,0.0,0.0,0.0,0.0,0.0,0.0,0.0,0.0,0.0,0.0,1.0,0.0,0.0,0.0,0,0
397,LYRA OLSON,0.0,0.0,0.0,0.0,,,,,4.0,15.0,13.43,0.0,0.0,0.0,0.0,1.0,0.0,0.0,0.0,0.0,0.0,0.0,0.0,0.0,0.0,0.0,0.0,0.0,0.0,0,0
398,LYUDMILA GRIGORIEVA,3.0,0.5,0.0,0.0,0.0,0.0,7.0,1.16666666667,6.0,9.0,3.67,0.0,0.0,0.0,0.0,0.0,0.0,0.0,0.0,1.0,0.0,0.0,0.0,0.0,0.0,0.0,0.0,0.0,0.0,0,0
399,MADDY FREY,13.0,2.16666666667,2.0,0.333333333333,1.0,0.166666666667,6.0,1.0,6.0,9.0,3.0,0.0,0.0,0.0,0.0,0.0,0.0,0.0,0.0,0.0,1.0,0.0,0.0,0.0,0.0,0.0,0.0,0.0,0.0,0,0
400,MADISON TOMASEK,0.0,0.0,1.0,0.142857142857,,,,,7.0,15.0,8.14,0.0,0.0,0.0,0.0,0.0,0.0,0.0,0.0,0.0,0.0,0.0,0.0,0.0,0.0,1.0,0.0,0.0,0.0,0,0
401,MAGGIE CHEN,0.666666666667,0.133333333333,2.0,0.366666666667,2.0,0.333333333333,2.0,0.333333333333,5.66666666667,7.66666666667,9.62333333333,0.0,0.0,0.0,0.0,0.0,0.0,1.0,0.0,0.0,0.0,0.0,0.0,0.0,0.0,0.0,0.0,0.0,0.0,0,0
402,MAGGIE JOHN,1.0,0.142857142857,2.0,0.285714285714,,,,,7.0,1.0,12.71,0.0,0.0,0.0,0.0,0.0,0.0,0.0,0.0,0.0,0.0,0.0,0.0,1.0,0.0,0.0,0.0,0.0,0.0,0,0
403,MAGGIE RUDEN,5.8,0.871428571429,2.4,0.5,2.0,0.285714285714,5.0,0.714285714286,6.6,2.2,10.7925,0.0,0.0,0.0,1.0,0.0,0.0,0.0,0.0,0.0,0.0,0.0,0.0,0.0,0.0,0.0,0.0,0.0,0.0,1,1
404,MAGON LIU,1.0,0.142857142857,5.0,0.714285714286,,,,,7.0,1.0,11.0,0.0,0.0,1.0,0.0,0.0,0.0,0.0,0.0,0.0,0.0,0.0,0.0,0.0,0.0,0.0,0.0,0.0,0.0,1,0
405,MALINA WIEBE,9.66666666667,1.88888888889,3.0,0.511904761905,7.0,1.16666666667,5.0,0.833333333333,5.66666666667,10.3333333333,9.61,0.0,0.0,0.0,0.0,0.0,0.0,0.0,0.0,0.333333333333,0.0,0.0,0.0,0.0,0.666666666667,0.0,0.0,0.0,0.0,0,0
406,MALLORY MEISER,3.0,0.428571428571,0.0,0.0,,,,,7.0,7.0,10.43,0.0,0.0,0.0,0.0,0.0,0.0,0.0,0.0,1.0,0.0,0.0,0.0,0.0,0.0,0.0,0.0,0.0,0.0,0,0
407,MANISHA DARYANI,4.0,0.480952380953,3.4,0.440476190475,1.0,0.142857142857,9.0,1.28571428571,6.6,2.2,10.7925,0.0,0.0,0.0,1.0,0.0,0.0,0.0,0.0,0.0,0.0,0.0,0.0,0.0,0.0,0.0,0.0,0.0,0.0,1,0
408,MARGALIT GOULD,1.0,0.166666666667,1.0,0.166666666667,0.0,0.0,2.0,0.333333333333,6.0,5.0,4.17,0.0,0.0,0.0,0.0,0.0,0.0,0.0,1.0,0.0,0.0,0.0,0.0,0.0,0.0,0.0,0.0,0.0,0.0,0,0
409,MARGARET KENNEDY,0.0,0.0,0.0,0.0,,,,,4.0,13.0,11.71,0.0,0.0,0.0,0.0,0.0,0.0,0.0,1.0,0.0,0.0,0.0,0.0,0.0,0.0,0.0,0.0,0.0,0.0,0,0
410,MARGARET WILSON-MOSES,2.0,0.339285714286,4.0,0.785714285714,,,,,5.5,10.0,12.87,0.0,0.0,0.0,0.0,0.0,0.0,0.0,0.0,0.0,0.0,0.0,0.0,0.0,1.0,0.0,0.0,0.0,0.0,0,0
411,MARGIE GUY,0.0,0.0,0.0,0.0,,,,,4.0,15.0,13.43,0.0,0.0,0.0,0.0,1.0,0.0,0.0,0.0,0.0,0.0,0.0,0.0,0.0,0.0,0.0,0.0,0.0,0.0,0,0
412,MARGIE QUINN,1.0,0.25,4.0,1.0,,,,,4.0,12.0,12.71,0.0,0.0,0.0,0.0,0.0,0.0,0.0,0.0,0.0,0.0,0.0,0.0,0.0,0.0,0.0,0.0,0.0,1.0,0,0
413,MARIA MAHOWALD,3.0,0.5,0.0,0.0,3.0,0.5,4.0,0.666666666667,6.0,12.0,4.17,0.0,0.0,0.0,0.0,0.0,1.0,0.0,0.0,0.0,0.0,0.0,0.0,0.0,0.0,0.0,0.0,0.0,0.0,0,0
414,MARIA SIGNORE,0.0,0.0,0.0,0.0,1.0,0.166666666667,0.0,0.0,6.0,12.0,4.17,0.0,0.0,0.0,0.0,0.0,1.0,0.0,0.0,0.0,0.0,0.0,0.0,0.0,0.0,0.0,0.0,0.0,0.0,0,0
415,MARIE LAURENZA,5.33333333333,0.968253968253,5.0,0.93253968254,3.0,0.5,16.0,2.66666666667,5.66666666667,7.66666666667,9.27,0.0,0.0,0.0,0.0,0.0,0.0,0.0,0.0,1.0,0.0,0.0,0.0,0.0,0.0,0.0,0.0,0.0,0.0,0,0
416,MARIEL HAMMOND,2.5,0.414285714285,5.0,0.828571428572,,,,,6.0,6.5,11.585,0.0,0.0,0.0,0.0,0.0,0.0,0.0,0.0,0.0,0.0,0.5,0.0,0.0,0.0,0.5,0.0,0.0,0.0,0,0
417,MARIKA AUSTIN,3.5,0.708333333334,3.0,0.708333333334,,,,,5.0,5.0,13.655,0.0,0.0,0.0,0.5,0.0,0.0,0.0,0.0,0.5,0.0,0.0,0.0,0.0,0.0,0.0,0.0,0.0,0.0,1,0
418,MARISA MEAD,2.0,0.333333333333,6.0,1.0,1.0,0.166666666667,17.0,2.83333333333,6.0,5.0,4.17,0.0,0.0,0.0,0.0,0.0,0.0,0.0,1.0,0.0,0.0,0.0,0.0,0.0,0.0,0.0,0.0,0.0,0.0,1,0
419,MARISA RAFTER,2.66666666667,0.559523809524,3.66666666667,0.77380952381,0.0,0.0,2.0,0.333333333333,5.66666666667,7.66666666667,9.27,0.0,0.0,0.0,0.0,0.0,0.0,0.0,0.0,1.0,0.0,0.0,0.0,0.0,0.0,0.0,0.0,0.0,0.0,0,0
420,MARISA WILSON,2.0,0.333333333333,0.0,0.0,0.0,0.0,2.0,0.333333333333,6.0,13.0,4.0,0.0,1.0,0.0,0.0,0.0,0.0,0.0,0.0,0.0,0.0,0.0,0.0,0.0,0.0,0.0,0.0,0.0,0.0,0,0
421,MARISSA HICKS,3.0,0.428571428571,1.0,0.142857142857,,,,,7.0,9.0,10.71,0.0,0.0,0.0,0.0,0.0,0.0,0.0,0.0,0.0,1.0,0.0,0.0,0.0,0.0,0.0,0.0,0.0,0.0,0,0
422,MARISSA LAND,1.0,0.2,0.0,0.0,,,,,5.0,6.0,11.17,0.0,0.0,0.0,0.0,0.0,0.0,0.0,0.0,0.0,0.0,0.0,0.0,0.0,0.0,1.0,0.0,0.0,0.0,0,0
423,MARJO POINDEXTER,4.5,0.842857142857,0.0,0.0,2.0,0.285714285714,1.0,0.142857142857,6.0,5.0,7.655,0.0,0.0,0.0,0.0,0.0,0.0,0.0,0.0,0.0,0.0,0.0,0.0,0.0,0.0,1.0,0.0,0.0,0.0,0,0
424,MARTHA GREGORY,3.0,0.428571428571,0.0,0.0,,,,,7.0,14.0,7.43,0.0,1.0,0.0,0.0,0.0,0.0,0.0,0.0,0.0,0.0,0.0,0.0,0.0,0.0,0.0,0.0,0.0,0.0,0,0
425,MARY VANDUYNE,0.5,0.0714285714285,0.5,0.0714285714285,,,,,5.5,10.0,12.855,0.0,0.0,0.0,0.0,0.0,1.0,0.0,0.0,0.0,0.0,0.0,0.0,0.0,0.0,0.0,0.0,0.0,0.0,0,0
426,MAUREEN MCCAMLEY,2.0,0.333333333333,8.0,1.33333333333,2.0,0.333333333333,7.0,1.16666666667,6.0,9.0,3.0,0.0,0.0,0.0,0.0,0.0,0.0,0.0,0.0,0.0,1.0,0.0,0.0,0.0,0.0,0.0,0.0,0.0,0.0,0,0
427,MEERI CHANG,1.0,0.166666666667,1.0,0.166666666667,,,,,6.0,3.0,13.6,0.0,0.0,0.0,1.0,0.0,0.0,0.0,0.0,0.0,0.0,0.0,0.0,0.0,0.0,0.0,0.0,0.0,0.0,0,0
428,MEG DUFFY,1.5,0.226190476191,0.5,0.0714285714285,0.0,0.0,0.0,0.0,6.5,10.5,8.165,0.0,0.0,0.0,0.0,0.0,0.0,0.0,0.0,0.0,0.0,1.0,0.0,0.0,0.0,0.0,0.0,0.0,0.0,0,0
429,MEG HARRIS,6.33333333333,1.06507936508,2.33333333333,0.333333333333,0.0,0.0,0.0,0.0,6.0,7.66666666667,8.19,0.0,0.0,0.0,0.0,0.0,0.0,0.0,0.0,0.0,1.0,0.0,0.0,0.0,0.0,0.0,0.0,0.0,0.0,1,0
430,MEGAN COUSINS,2.0,0.355555555556,1.0,0.177777777778,0.0,0.0,0.0,0.0,5.66666666667,7.66666666667,9.62333333333,0.0,0.0,0.0,0.0,0.0,0.0,1.0,0.0,0.0,0.0,0.0,0.0,0.0,0.0,0.0,0.0,0.0,0.0,1,0
431,MEGAN RANDALL,5.5,0.833333333334,0.5,0.0714285714285,2.0,0.333333333333,2.0,0.333333333333,6.5,13.5,5.715,0.0,1.0,0.0,0.0,0.0,0.0,0.0,0.0,0.0,0.0,0.0,0.0,0.0,0.0,0.0,0.0,0.0,0.0,1,0
432,MEGAN REEVES,1.0,0.25,2.0,0.5,,,,,4.0,16.0,15.29,0.0,0.0,0.0,0.0,0.0,0.0,0.0,0.0,0.0,0.0,0.0,0.0,0.0,0.0,0.0,1.0,0.0,0.0,0,0
433,MEGAN SCHOELLHAMER,4.0,0.333333333333,3.0,0.25,,,,,12.0,2.0,12.0,0.0,0.0,0.0,1.0,0.0,0.0,0.0,0.0,0.0,0.0,0.0,0.0,0.0,0.0,0.0,0.0,0.0,0.0,0,0
434,MEGAN TARASI,1.0,0.154761904762,2.0,0.297619047619,0.0,0.0,6.0,1.0,6.5,10.5,8.165,0.0,0.0,0.0,0.0,0.0,0.0,0.0,0.0,0.0,0.0,1.0,0.0,0.0,0.0,0.0,0.0,0.0,0.0,0,0
435,MEGAN TORMEY,10.0,2.5,4.0,1.0,,,,,4.0,13.0,11.71,0.0,0.0,0.0,0.0,0.0,0.0,0.0,1.0,0.0,0.0,0.0,0.0,0.0,0.0,0.0,0.0,0.0,0.0,0,0
436,MEGHAN MILLER,4.0,0.666666666667,2.0,0.333333333333,4.0,0.666666666667,5.0,0.833333333333,6.0,15.0,4.33,0.0,0.0,0.0,0.0,0.0,0.0,0.0,0.0,0.0,0.0,0.0,0.0,0.0,1.0,0.0,0.0,0.0,0.0,0,0
437,MELANIE HARVEY,1.0,0.25,9.0,2.25,,,,,4.0,15.0,13.43,0.0,0.0,0.0,0.0,1.0,0.0,0.0,0.0,0.0,0.0,0.0,0.0,0.0,0.0,0.0,0.0,0.0,0.0,0,0
438,MEREDITH LEAHY,4.0,0.666666666667,1.0,0.166666666667,1.0,0.166666666667,4.0,0.666666666667,6.0,9.0,3.0,0.0,0.0,0.0,0.0,0.0,0.0,0.0,0.0,0.0,1.0,0.0,0.0,0.0,0.0,0.0,0.0,0.0,0.0,0,0
439,MIA GREENWALD,0.0,0.0,0.0,0.0,1.0,0.166666666667,0.0,0.0,6.0,4.5,8.7,0.0,0.0,1.0,0.0,0.0,0.0,0.0,0.0,0.0,0.0,0.0,0.0,0.0,0.0,0.0,0.0,0.0,0.0,0,0
440,MICHAELA FALLON,0.0,0.0,0.0,0.0,0.0,0.0,0.0,0.0,6.0,6.0,4.0,0.0,0.0,1.0,0.0,0.0,0.0,0.0,0.0,0.0,0.0,0.0,0.0,0.0,0.0,0.0,0.0,0.0,0.0,0,0
441,MICHAELA LEE,3.0,0.625,1.5,0.375,1.0,0.166666666667,0.0,0.0,5.0,8.0,8.69,0.0,0.0,0.0,0.0,0.0,0.0,0.0,0.0,1.0,0.0,0.0,0.0,0.0,0.0,0.0,0.0,0.0,0.0,0,0
442,MICHELA MEISTER,0.75,0.125,0.25,0.0416666666668,0.0,0.0,0.0,0.0,5.25,2.25,10.39,0.0,0.0,0.0,1.0,0.0,0.0,0.0,0.0,0.0,0.0,0.0,0.0,0.0,0.0,0.0,0.0,0.0,0.0,0,0
443,MICHELLE ARCENEAUX,3.0,0.571428571429,1.0,0.2,,,,,6.0,10.5,9.655,0.0,0.0,0.0,0.0,0.0,0.0,0.0,0.0,0.0,0.0,0.0,0.0,0.0,0.0,1.0,0.0,0.0,0.0,1,0
444,MICHELLE FUSTING,3.0,0.75,3.0,0.75,,,,,4.0,16.0,15.29,0.0,0.0,0.0,0.0,0.0,0.0,0.0,0.0,0.0,0.0,0.0,0.0,0.0,0.0,0.0,1.0,0.0,0.0,0,0
445,MICHELLE LANDIS,2.0,0.285714285714,0.0,0.0,,,,,7.0,15.0,8.14,0.0,0.0,0.0,0.0,0.0,0.0,0.0,0.0,0.0,0.0,0.0,0.0,0.0,0.0,1.0,0.0,0.0,0.0,0,0
446,MICHELLE NG,2.5,0.380952380952,0.0,0.0,0.0,0.0,2.0,0.333333333333,6.5,10.5,8.165,0.0,0.0,0.0,0.0,0.0,0.0,0.0,0.0,0.0,0.0,1.0,0.0,0.0,0.0,0.0,0.0,0.0,0.0,0,0
447,MICHELLE RYBAK,0.0,0.0,4.0,0.571428571429,,,,,7.0,14.0,7.43,0.0,1.0,0.0,0.0,0.0,0.0,0.0,0.0,0.0,0.0,0.0,0.0,0.0,0.0,0.0,0.0,0.0,0.0,0,0
448,MINERVA MUZQUIZ,0.0,0.0,2.0,0.333333333333,0.0,0.0,4.0,0.666666666667,6.0,13.0,4.0,0.0,1.0,0.0,0.0,0.0,0.0,0.0,0.0,0.0,0.0,0.0,0.0,0.0,0.0,0.0,0.0,0.0,0.0,0,0
449,MIRA WALKER,6.33333333333,1.1380952381,4.0,0.701587301587,1.0,0.166666666667,0.0,0.0,6.0,7.66666666667,8.19,0.0,0.0,0.0,0.0,0.0,0.0,0.0,0.0,0.0,1.0,0.0,0.0,0.0,0.0,0.0,0.0,0.0,0.0,1,1
450,MIRANDA KNOWLES,1.0,0.166666666667,13.0,2.16666666667,0.0,0.0,6.0,1.0,6.0,9.0,3.0,0.0,0.0,0.0,0.0,0.0,0.0,0.0,0.0,0.0,1.0,0.0,0.0,0.0,0.0,0.0,0.0,0.0,0.0,0,0
451,MIRANDA MOORE,0.0,0.0,0.0,0.0,,,,,7.0,14.0,7.43,0.0,1.0,0.0,0.0,0.0,0.0,0.0,0.0,0.0,0.0,0.0,0.0,0.0,0.0,0.0,0.0,0.0,0.0,0,0
452,MOLLY HALLWEAVER,1.0,0.166666666667,3.0,0.5,,,,,6.0,3.0,13.4,0.0,0.0,1.0,0.0,0.0,0.0,0.0,0.0,0.0,0.0,0.0,0.0,0.0,0.0,0.0,0.0,0.0,0.0,0,0
453,MOLLY MCKEON,0.5,0.077380952381,0.75,0.119047619047,2.0,0.285714285714,3.0,0.428571428571,5.25,2.25,10.8666666667,0.0,0.0,0.0,0.0,0.0,0.0,0.0,0.0,0.0,0.0,0.0,1.0,0.0,0.0,0.0,0.0,0.0,0.0,0,0
454,MOLLY MUNSON,1.5,0.321428571429,1.5,0.267857142857,,,,,5.5,10.0,12.87,0.0,0.0,0.0,0.0,0.0,0.0,0.0,0.0,0.0,0.0,0.0,0.0,0.0,1.0,0.0,0.0,0.0,0.0,0,0
455,MOLLY ROY,5.33333333333,0.761904761906,2.0,0.285714285714,3.0,0.428571428571,1.0,0.142857142857,7.0,2.66666666667,9.57,0.0,0.0,0.0,0.0,0.0,0.0,0.0,0.0,0.0,0.0,0.0,0.0,1.0,0.0,0.0,0.0,0.0,0.0,1,0
456,MOLLY SINNOTT,11.0,2.75,8.0,2.0,,,,,4.0,12.0,12.71,0.0,0.0,0.0,0.0,0.0,0.0,0.0,0.0,0.0,0.0,0.0,0.0,0.0,0.0,0.0,0.0,0.0,1.0,0,0
457,MONICA MATSUMOTO,3.0,0.6,0.0,0.0,,,,,5.0,6.0,11.17,0.0,0.0,0.0,0.0,0.0,0.0,0.0,0.0,0.0,0.0,0.0,0.0,0.0,0.0,1.0,0.0,0.0,0.0,0,0
458,MONISHA WHITE,0.0,0.0,0.5,0.0714285714285,,,,,5.5,7.0,12.07,0.0,0.0,0.0,0.0,0.0,0.0,0.0,0.0,1.0,0.0,0.0,0.0,0.0,0.0,0.0,0.0,0.0,0.0,0,0
459,NADA TRAMONTE,8.0,1.14285714286,2.0,0.285714285714,,,,,7.0,6.0,11.64,0.0,0.0,0.0,0.0,0.0,0.0,0.0,0.0,0.0,0.0,0.0,0.0,1.0,0.0,0.0,0.0,0.0,0.0,0,0
460,NANCY SUN,1.0,0.140476190476,5.8,0.85476190476,0.0,0.0,5.0,0.714285714286,6.6,2.2,10.7925,0.0,0.0,0.0,1.0,0.0,0.0,0.0,0.0,0.0,0.0,0.0,0.0,0.0,0.0,0.0,0.0,0.0,0.0,0,0
461,NASTASIA TANGHERLINI,3.5,0.767857142857,1.5,0.375,,,,,5.5,13.5,9.57,0.0,0.5,0.0,0.0,0.0,0.0,0.0,0.5,0.0,0.0,0.0,0.0,0.0,0.0,0.0,0.0,0.0,0.0,0,0
462,NAT PLAZA,0.0,0.0,0.0,0.0,0.0,0.0,1.0,0.166666666667,6.0,11.0,3.83,0.0,0.0,0.0,0.0,0.0,0.0,1.0,0.0,0.0,0.0,0.0,0.0,0.0,0.0,0.0,0.0,0.0,0.0,0,0
463,NATALIE GREEN,2.0,0.285714285714,6.0,0.857142857143,,,,,7.0,11.0,11.67,0.0,0.0,0.0,0.0,0.0,0.0,0.0,0.0,0.0,0.0,0.0,0.0,0.0,1.0,0.0,0.0,0.0,0.0,0,0
464,NATALIE GUSTAFSON,1.0,0.25,0.0,0.0,,,,,4.0,15.0,13.43,0.0,0.0,0.0,0.0,1.0,0.0,0.0,0.0,0.0,0.0,0.0,0.0,0.0,0.0,0.0,0.0,0.0,0.0,0,0
465,NATASHA WON,4.0,0.571428571429,7.0,1.0,,,,,7.0,7.0,10.43,0.0,0.0,0.0,0.0,0.0,0.0,0.0,0.0,1.0,0.0,0.0,0.0,0.0,0.0,0.0,0.0,0.0,0.0,0,0
466,NESS FAJARDO,2.25,0.333333333333,5.75,0.616071428571,4.0,0.571428571429,8.0,1.14285714286,8.0,2.25,10.7925,0.0,0.0,0.0,1.0,0.0,0.0,0.0,0.0,0.0,0.0,0.0,0.0,0.0,0.0,0.0,0.0,0.0,0.0,1,0
467,NHI NGUYEN,1.0,0.166666666667,3.0,0.5,2.0,0.333333333333,2.0,0.333333333333,6.0,11.0,3.83,0.0,0.0,0.0,0.0,0.0,0.0,1.0,0.0,0.0,0.0,0.0,0.0,0.0,0.0,0.0,0.0,0.0,0.0,0,0
468,NICHOLE SMITH,2.0,0.5,11.0,2.75,,,,,4.0,15.0,13.43,0.0,0.0,0.0,0.0,1.0,0.0,0.0,0.0,0.0,0.0,0.0,0.0,0.0,0.0,0.0,0.0,0.0,0.0,0,0
469,NICKY BLOOM,6.0,0.5,3.0,0.25,,,,,12.0,2.0,12.0,0.0,0.0,0.0,1.0,0.0,0.0,0.0,0.0,0.0,0.0,0.0,0.0,0.0,0.0,0.0,0.0,0.0,0.0,0,0
470,NICOLA BRUCE,1.0,0.25,0.0,0.0,,,,,4.0,12.0,12.71,0.0,0.0,0.0,0.0,0.0,0.0,0.0,0.0,0.0,0.0,0.0,0.0,0.0,0.0,0.0,0.0,0.0,1.0,0,0
471,NIKKI ROSS,3.0,0.75,10.0,2.5,,,,,4.0,15.0,13.43,0.0,0.0,0.0,0.0,1.0,0.0,0.0,0.0,0.0,0.0,0.0,0.0,0.0,0.0,0.0,0.0,0.0,0.0,0,0
472,NOEL HANZEL,11.0,2.75,1.0,0.25,,,,,4.0,12.0,12.71,0.0,0.0,0.0,0.0,0.0,0.0,0.0,0.0,0.0,0.0,0.0,0.0,0.0,0.0,0.0,0.0,0.0,1.0,0,0
473,NORA CARR,1.5,0.244047619047,1.25,0.392857142857,2.0,0.285714285714,4.0,0.571428571429,5.25,2.25,10.8666666667,0.0,0.0,0.0,0.0,0.0,0.0,0.0,0.0,0.0,0.0,0.0,1.0,0.0,0.0,0.0,0.0,0.0,0.0,0,0
474,OCTAVIA PAYNE,3.75,0.565476190476,11.5,1.69642857143,8.0,1.14285714286,17.0,2.42857142857,6.5,1.5,9.46666666667,1.0,0.0,0.0,0.0,0.0,0.0,0.25,0.0,0.0,0.0,0.0,0.0,0.5,0.0,0.0,0.0,0.25,0.0,1,1
475,OLIVIA BARTRUFF,9.5,1.73214285714,1.0,0.142857142857,,,,,5.5,10.0,12.87,0.0,0.0,0.0,0.0,0.0,0.0,0.0,0.0,0.0,0.0,0.0,0.0,0.0,1.0,0.0,0.0,0.0,0.0,0,0
476,OLUFUNMILOLA (LOVE) ANJONRIN-OHU,0.0,0.0,0.0,0.0,,,,,4.0,11.0,14.71,0.0,0.0,0.0,0.0,0.0,1.0,0.0,0.0,0.0,0.0,0.0,0.0,0.0,0.0,0.0,0.0,0.0,0.0,0,0
477,PAIGE APPLEGATE,5.0,0.877777777777,1.0,0.166666666667,0.0,0.0,4.0,0.666666666667,5.66666666667,7.66666666667,9.62333333333,0.0,0.0,0.0,0.0,0.0,0.0,1.0,0.0,0.0,0.0,0.0,0.0,0.0,0.0,0.0,0.0,0.0,0.0,1,0
478,PAIGE CARVER,1.5,0.271428571429,0.0,0.0,,,,,6.0,7.0,10.785,0.0,0.0,0.0,0.0,0.0,0.0,0.0,0.0,0.0,1.0,0.0,0.0,0.0,0.0,0.0,0.0,0.0,0.0,0,0
479,PAIGE SOPER,8.0,1.14285714286,6.0,0.857142857143,,,,,7.0,2.0,14.0,0.0,0.0,0.0,0.0,0.0,0.0,0.0,0.0,0.0,0.0,0.0,1.0,0.0,0.0,0.0,0.0,0.0,0.0,0,0
480,PAULA SEVILLE,5.33333333333,0.833333333334,10.6666666667,1.70634920635,2.0,0.333333333333,8.0,1.33333333333,6.33333333333,3.0,9.52333333333,0.0,0.0,0.666666666667,0.0,0.0,0.0,0.0,0.333333333333,0.0,0.0,0.0,0.0,0.0,0.0,0.0,0.0,0.0,0.0,0,0
481,PHEBE KEMMER,0.5,0.1,0.0,0.0,,,,,6.0,7.0,10.785,0.0,0.0,0.0,0.0,0.0,0.0,0.0,0.0,0.0,1.0,0.0,0.0,0.0,0.0,0.0,0.0,0.0,0.0,0,0
482,PHOEBE SHAMBAUGH,0.0,0.0,1.0,0.166666666667,1.0,0.166666666667,0.0,0.0,6.0,5.0,4.17,0.0,0.0,0.0,0.0,0.0,0.0,0.0,1.0,0.0,0.0,0.0,0.0,0.0,0.0,0.0,0.0,0.0,0.0,0,0
483,QING (JENNY) WEI,15.0,2.14285714286,3.0,0.428571428571,,,,,7.0,7.0,12.0,0.0,0.0,0.0,0.0,0.0,0.0,0.0,0.0,0.0,0.0,1.0,0.0,0.0,0.0,0.0,0.0,0.0,0.0,0,0
484,QUINNE FARENWALD,1.5,0.214285714286,0.0,0.0,0.0,0.0,0.0,0.0,7.0,1.0,8.535,0.0,0.0,0.0,0.0,0.0,0.0,0.0,0.0,0.0,0.0,0.0,0.0,1.0,0.0,0.0,0.0,0.0,0.0,0,0
485,QXHNA TITCOMB,4.0,0.607142857143,3.0,0.464285714286,,,,,6.5,2.5,13.7,0.0,0.0,0.5,0.0,0.0,0.0,0.0,0.0,0.0,0.0,0.0,0.5,0.0,0.0,0.0,0.0,0.0,0.0,1,0
486,RACHAEL ROMANIAK,0.0,0.0,1.0,0.25,,,,,5.5,10.0,12.855,0.0,0.0,0.0,0.0,0.0,1.0,0.0,0.0,0.0,0.0,0.0,0.0,0.0,0.0,0.0,0.0,0.0,0.0,0,0
487,RACHAEL WESTGATE,7.33333333333,1.4126984127,2.66666666667,0.56746031746,0.0,0.0,3.0,0.5,5.66666666667,8.0,9.96,0.0,0.0,0.333333333333,0.0,0.0,0.666666666667,0.0,0.0,0.0,0.0,0.0,0.0,0.0,0.0,0.0,0.0,0.0,0.0,0,0
488,RACHEL BRADSHAW,2.5,0.589285714286,1.75,0.267857142857,2.0,0.285714285714,1.0,0.142857142857,5.25,2.25,10.8666666667,0.0,0.0,0.0,0.0,0.0,0.0,0.0,0.0,0.0,0.0,0.0,1.0,0.0,0.0,0.0,0.0,0.0,0.0,0,0
489,RACHEL ENYEART,4.0,0.571428571429,1.0,0.142857142857,,,,,7.0,16.0,11.0,0.0,0.0,0.0,0.0,0.0,0.0,0.0,1.0,0.0,0.0,0.0,0.0,0.0,0.0,0.0,0.0,0.0,0.0,0,0
490,RACHEL HABBERT,3.33333333333,0.599206349206,6.0,1.12698412699,0.0,0.0,7.0,1.16666666667,5.66666666667,7.66666666667,9.27,0.0,0.0,0.0,0.0,0.0,0.0,0.0,0.0,1.0,0.0,0.0,0.0,0.0,0.0,0.0,0.0,0.0,0.0,0,0
491,RACHEL JOHNSON,2.5,0.416666666666,1.5,0.226190476191,0.0,0.0,3.0,0.5,6.5,10.5,8.165,0.0,0.0,0.0,0.0,0.0,0.0,0.0,0.0,0.0,0.0,1.0,0.0,0.0,0.0,0.0,0.0,0.0,0.0,0,0
492,RACHEL MASSEY,3.0,0.428571428571,2.0,0.285714285714,0.0,0.0,4.0,0.571428571429,7.0,4.0,4.14,0.0,0.0,0.0,0.0,0.0,0.0,0.0,0.0,0.0,0.0,0.0,0.0,0.0,0.0,1.0,0.0,0.0,0.0,0,0
493,REBA HAVIS,5.0,1.25,3.0,0.75,,,,,4.0,16.0,15.29,0.0,0.0,0.0,0.0,0.0,0.0,0.0,0.0,0.0,0.0,0.0,0.0,0.0,0.0,0.0,1.0,0.0,0.0,0,0
494,REBECCA ENDERS,4.0,0.666666666667,2.0,0.333333333333,3.0,0.5,5.0,0.833333333333,6.0,12.0,4.17,0.0,0.0,0.0,0.0,0.0,1.0,0.0,0.0,0.0,0.0,0.0,0.0,0.0,0.0,0.0,0.0,0.0,0.0,0,0
495,REBECCA FORTH,5.5,1.1,5.0,1.0,,,,,6.0,10.5,9.655,0.0,0.0,0.0,0.0,0.0,0.0,0.0,0.0,0.0,0.0,0.0,0.0,0.0,0.0,1.0,0.0,0.0,0.0,0,0
496,REBECCA GIBSON,0.0,0.0,0.0,0.0,,,,,7.0,14.0,7.43,0.0,1.0,0.0,0.0,0.0,0.0,0.0,0.0,0.0,0.0,0.0,0.0,0.0,0.0,0.0,0.0,0.0,0.0,0,0
497,REBECCA HAMILTON,0.0,0.0,0.0,0.0,,,,,4.0,9.0,14.07,0.0,0.0,0.0,0.0,0.0,0.0,0.0,0.0,0.0,0.0,0.0,0.0,0.0,1.0,0.0,0.0,0.0,0.0,0,0
498,REBECCA MILLER,4.0,0.666666666667,2.0,0.333333333333,,,,,6.0,3.0,11.33,0.0,0.0,0.0,0.0,0.0,0.0,1.0,0.0,0.0,0.0,0.0,0.0,0.0,0.0,0.0,0.0,0.0,0.0,1,0
499,REBECCA MOORE,7.0,1.75,1.0,0.25,,,,,4.0,13.0,11.71,0.0,0.0,0.0,0.0,0.0,0.0,0.0,1.0,0.0,0.0,0.0,0.0,0.0,0.0,0.0,0.0,0.0,0.0,0,0
500,REBECCA SHELTON,3.0,0.6,3.0,0.6,,,,,5.0,6.0,11.17,0.0,0.0,0.0,0.0,0.0,0.0,0.0,0.0,0.0,0.0,0.0,0.0,0.0,0.0,1.0,0.0,0.0,0.0,0,0
501,REBECCA TUCKER,5.0,0.833333333333,14.0,2.33333333333,1.0,0.166666666667,16.0,2.66666666667,6.0,13.0,4.0,0.0,1.0,0.0,0.0,0.0,0.0,0.0,0.0,0.0,0.0,0.0,0.0,0.0,0.0,0.0,0.0,0.0,0.0,0,0
502,REBEKAH SOUDER-RUSSO,6.0,0.928571428572,3.0,0.452380952381,1.0,0.166666666667,10.0,1.66666666667,6.5,13.5,5.715,0.0,1.0,0.0,0.0,0.0,0.0,0.0,0.0,0.0,0.0,0.0,0.0,0.0,0.0,0.0,0.0,0.0,0.0,0,0
503,RISA UMENO,1.5,0.267857142857,1.0,0.196428571429,,,,,5.5,14.5,11.355,0.0,0.0,0.0,0.0,0.0,0.0,0.0,1.0,0.0,0.0,0.0,0.0,0.0,0.0,0.0,0.0,0.0,0.0,0,0
504,ROBYN WISEMAN,4.33333333333,0.884920634921,19.3333333333,3.52777777778,9.0,1.5,39.0,6.5,5.66666666667,10.6666666667,9.96,0.0,0.0,0.0,0.0,0.0,1.0,0.0,0.0,0.0,0.0,0.0,0.0,0.0,0.0,0.0,0.0,0.0,0.0,1,0
505,ROHRE TITCOMB,1.0,0.363095238095,5.5,1.07738095238,0.0,0.0,0.0,0.0,5.25,2.25,10.8666666667,1.0,0.0,0.0,0.0,0.0,0.0,0.0,0.0,0.0,0.0,0.0,1.0,0.0,0.0,0.0,0.0,0.0,0.0,1,1
506,ROSE GLINKA,4.33333333333,0.829365079365,2.66666666667,0.468253968254,0.0,0.0,0.0,0.0,5.66666666667,10.6666666667,9.96,0.0,0.0,0.0,0.0,0.0,1.0,0.0,0.0,0.0,0.0,0.0,0.0,0.0,0.0,0.0,0.0,0.0,0.0,0,0
507,SABRINA FONG,2.0,0.309523809524,3.25,0.488095238095,4.0,0.571428571429,5.0,0.714285714286,5.25,2.5,10.4866666667,0.0,0.0,0.0,0.75,0.0,0.0,0.0,0.0,0.0,0.0,0.0,0.25,0.0,0.0,0.0,0.0,0.0,0.0,1,0
508,SALLY LAMBERT,6.33333333333,1.16666666667,3.33333333333,0.588888888889,7.0,1.16666666667,7.0,1.16666666667,5.66666666667,7.66666666667,9.62333333333,0.0,0.0,0.0,0.0,0.0,0.0,1.0,0.0,0.0,0.0,0.0,0.0,0.0,0.0,0.0,0.0,0.0,0.0,1,0
509,SALLY MIMMS,4.5,0.964285714286,3.0,0.589285714286,,,,,5.5,7.0,12.07,0.0,0.0,0.0,0.0,0.0,0.0,0.0,0.0,1.0,0.0,0.0,0.0,0.0,0.0,0.0,0.0,0.0,0.0,0,0
510,SAM CAIN,1.0,0.166666666667,0.0,0.0,0.0,0.0,1.0,0.166666666667,6.0,5.0,4.17,0.0,0.0,0.0,0.0,0.0,0.0,0.0,1.0,0.0,0.0,0.0,0.0,0.0,0.0,0.0,0.0,0.0,0.0,0,0
511,SAM STOVALL,0.0,0.0,2.0,0.333333333333,1.0,0.166666666667,0.0,0.0,6.0,9.0,3.0,0.0,0.0,0.0,0.0,0.0,0.0,0.0,0.0,0.0,1.0,0.0,0.0,0.0,0.0,0.0,0.0,0.0,0.0,0,0
512,SAMANTHA CAIN,0.5,0.0714285714285,1.0,0.196428571429,,,,,5.5,14.5,11.355,0.0,0.0,0.0,0.0,0.0,0.0,0.0,1.0,0.0,0.0,0.0,0.0,0.0,0.0,0.0,0.0,0.0,0.0,0,0
513,SAMANTHA MCCLELLAN,6.5,0.928571428572,4.5,0.642857142857,0.0,0.0,2.0,0.285714285714,7.0,1.0,8.535,0.0,0.0,0.0,0.0,0.0,0.0,0.0,0.0,0.0,0.0,0.0,0.0,1.0,0.0,0.0,0.0,0.0,0.0,0,0
514,SAMANTHA PELETIER,4.0,0.958333333334,6.0,1.375,,,,,5.0,9.0,12.38,0.0,0.0,0.0,0.0,0.5,0.0,0.5,0.0,0.0,0.0,0.0,0.0,0.0,0.0,0.0,0.0,0.0,0.0,0,0
515,SAMANTHA STOVALL,3.0,0.457142857143,1.5,0.242857142857,,,,,6.0,7.0,10.785,0.0,0.0,0.0,0.0,0.0,0.0,0.0,0.0,0.0,1.0,0.0,0.0,0.0,0.0,0.0,0.0,0.0,0.0,0,0
516,SANDY JORGENSEN,13.6666666667,1.95238095238,7.0,1.0,15.0,2.14285714286,5.0,0.714285714286,7.0,2.66666666667,9.57,1.0,0.0,0.0,0.0,0.0,0.0,0.0,0.0,0.0,0.0,0.0,0.0,1.0,0.0,0.0,0.0,0.0,0.0,1,0
517,SARA JACOBI,2.5,0.416666666666,0.0,0.0,3.0,0.5,3.0,0.5,6.0,4.5,8.7,0.0,0.0,1.0,0.0,0.0,0.0,0.0,0.0,0.0,0.0,0.0,0.0,0.0,0.0,0.0,0.0,0.0,0.0,0,0
518,SARA MILLER,3.0,0.551587301587,10.0,1.96825396825,1.0,0.166666666667,4.0,0.666666666667,5.66666666667,11.3333333333,8.96,0.0,0.0,0.0,0.0,0.0,0.0,0.0,1.0,0.0,0.0,0.0,0.0,0.0,0.0,0.0,0.0,0.0,0.0,0,0
519,SARA SCOTT,7.5,1.79166666667,10.0,2.375,1.0,0.166666666667,4.0,0.666666666667,5.0,12.5,7.94,0.0,0.0,0.0,0.0,0.0,0.5,0.0,0.5,0.0,0.0,0.0,0.0,0.0,0.0,0.0,0.0,0.0,0.0,0,0
520,SARA STRATTON,0.0,0.0,1.0,0.142857142857,,,,,7.0,11.0,11.67,0.0,0.0,0.0,0.0,0.0,0.0,0.0,0.0,0.0,0.0,0.0,0.0,0.0,1.0,0.0,0.0,0.0,0.0,0,0
521,SARA TAGGART,2.0,0.333333333333,0.0,0.0,,,,,6.0,3.0,11.33,0.0,0.0,0.0,0.0,0.0,0.0,1.0,0.0,0.0,0.0,0.0,0.0,0.0,0.0,0.0,0.0,0.0,0.0,0,0
522,SARA YORK,0.0,0.0,1.0,0.166666666667,3.0,0.5,2.0,0.333333333333,6.0,15.0,4.33,0.0,0.0,0.0,0.0,0.0,0.0,0.0,0.0,0.0,0.0,0.0,0.0,0.0,1.0,0.0,0.0,0.0,0.0,0,0
523,SARAH BLYTH,2.0,0.285714285714,14.0,2.0,8.0,1.14285714286,11.0,1.57142857143,7.0,4.0,4.14,0.0,0.0,0.0,0.0,0.0,0.0,0.0,0.0,0.0,0.0,0.0,0.0,0.0,0.0,1.0,0.0,0.0,0.0,0,0
524,SARAH CARNAHAN,9.0,1.5,3.0,0.5,,,,,6.0,3.0,13.6,0.0,0.0,0.0,1.0,0.0,0.0,0.0,0.0,0.0,0.0,0.0,0.0,0.0,0.0,0.0,0.0,0.0,0.0,0,0
525,SARAH COOK,0.0,0.0,0.0,0.0,0.0,0.0,1.0,0.166666666667,6.5,3.5,7.5,0.0,0.0,1.0,0.0,0.0,0.0,0.0,0.0,0.0,0.0,0.0,0.0,0.0,0.0,0.0,0.0,0.0,0.0,0,0
526,SARAH DAVIS,0.25,0.0357142857143,0.0,0.0,0.0,0.0,0.0,0.0,5.25,2.25,10.8666666667,0.0,0.0,0.0,0.0,0.0,0.0,0.0,0.0,0.0,0.0,0.0,1.0,0.0,0.0,0.0,0.0,0.0,0.0,1,0
527,SARAH GRIFFITH,9.0,1.9,6.2,1.26190476191,4.0,0.571428571429,4.0,0.571428571429,5.4,2.0,10.8666666667,1.0,0.0,0.0,0.0,0.0,0.0,0.0,0.0,0.0,0.0,0.0,0.8,0.0,0.0,0.0,0.0,0.2,0.0,1,1
528,SARAH HOISTAD,1.0,0.166666666667,2.0,0.333333333333,0.0,0.0,4.0,0.666666666667,6.0,12.0,4.17,0.0,0.0,0.0,0.0,0.0,1.0,0.0,0.0,0.0,0.0,0.0,0.0,0.0,0.0,0.0,0.0,0.0,0.0,0,0
529,SARAH ITOH,11.6666666667,1.66666666667,4.66666666667,0.666666666667,4.0,0.571428571429,6.0,0.857142857143,7.0,2.66666666667,9.57,0.0,0.0,0.0,0.0,0.0,0.0,0.0,0.0,0.0,0.0,0.0,0.0,1.0,0.0,0.0,0.0,0.0,0.0,1,0
530,SARAH LEVINN,8.66666666667,1.48571428572,0.666666666667,0.114285714286,2.0,0.285714285714,0.0,0.0,6.33333333333,8.33333333333,7.81666666667,0.0,0.0,0.0,0.0,0.0,0.0,0.0,0.0,0.0,0.0,0.0,0.0,0.0,0.0,1.0,0.0,0.0,0.0,1,0
531,SARAH OWENBY,2.0,0.4,8.0,1.6,,,,,5.0,5.0,10.86,0.0,0.0,0.0,0.0,0.0,0.0,0.0,0.0,0.0,1.0,0.0,0.0,0.0,0.0,0.0,0.0,0.0,0.0,0,0
532,SARAH READ-BROWN,1.33333333333,0.297619047619,1.66666666667,0.353174603175,4.0,0.666666666667,7.0,1.16666666667,5.66666666667,11.6666666667,10.0233333333,0.0,0.0,0.0,0.0,0.0,0.0,0.0,0.0,0.0,0.0,0.0,0.0,0.0,1.0,0.0,0.0,0.0,0.0,0,0
533,SASHA BUGLER,0.0,0.0,2.0,0.285714285714,1.0,0.142857142857,3.0,0.428571428571,7.0,1.0,8.535,0.0,0.0,0.0,0.0,0.0,0.0,0.0,0.0,0.0,0.0,0.0,0.0,1.0,0.0,0.0,0.0,0.0,0.0,0,0
534,SERVIA RINDFLEISH,1.0,0.186507936508,0.0,0.0,0.0,0.0,1.0,0.166666666667,5.66666666667,11.3333333333,8.96,0.0,0.0,0.0,0.0,0.0,0.0,0.0,1.0,0.0,0.0,0.0,0.0,0.0,0.0,0.0,0.0,0.0,0.0,0,0
535,SHAHNNEN KNOX,1.0,0.166666666667,0.0,0.0,0.0,0.0,3.0,0.5,6.0,15.0,4.33,0.0,0.0,0.0,0.0,0.0,0.0,0.0,0.0,0.0,0.0,0.0,0.0,0.0,1.0,0.0,0.0,0.0,0.0,0,0
536,SHANNON BUBB,3.66666666667,0.61507936508,2.33333333333,0.40873015873,2.0,0.333333333333,6.0,1.0,5.66666666667,7.66666666667,9.27,0.0,0.0,0.0,0.0,0.0,0.0,0.0,0.0,1.0,0.0,0.0,0.0,0.0,0.0,0.0,0.0,0.0,0.0,0,0
537,SHANNON DENNEHY,1.0,0.25,0.0,0.0,,,,,4.0,9.0,14.07,0.0,0.0,0.0,0.0,0.0,0.0,0.0,0.0,0.0,0.0,0.0,0.0,0.0,1.0,0.0,0.0,0.0,0.0,0,0
538,SHANNON MATZINGER,1.5,0.238095238095,1.0,0.154761904762,1.0,0.166666666667,1.0,0.166666666667,6.5,10.5,8.165,0.0,0.0,0.0,0.0,0.0,0.0,0.0,0.0,0.0,0.0,1.0,0.0,0.0,0.0,0.0,0.0,0.0,0.0,0,0
539,SHANNON MCDOWELL,1.33333333333,0.206349206349,3.33333333333,0.507936507937,6.0,0.857142857143,9.0,1.28571428571,4.66666666667,2.33333333333,9.3,0.0,0.0,0.0,0.0,0.0,0.0,0.0,0.0,0.0,0.0,0.0,1.0,0.0,0.0,0.0,0.0,0.0,0.0,0,0
540,SHANNON O'MALLEY,1.5,0.25,2.0,0.333333333334,,,,,6.5,2.5,14.085,0.0,0.0,0.0,0.0,0.0,0.0,0.0,0.0,0.0,0.0,0.0,1.0,0.0,0.0,0.0,0.0,0.0,0.0,1,0
541,SHANNON OÂMALLEY,3.0,0.428571428571,2.0,0.285714285714,4.0,0.571428571429,14.0,2.0,7.0,3.0,4.43,0.0,0.0,0.0,0.0,0.0,0.0,0.0,0.0,0.0,0.0,0.0,1.0,0.0,0.0,0.0,0.0,0.0,0.0,0,0
542,SHANNON TSAI,0.0,0.0,0.0,0.0,,,,,4.0,15.0,13.43,0.0,0.0,0.0,0.0,1.0,0.0,0.0,0.0,0.0,0.0,0.0,0.0,0.0,0.0,0.0,0.0,0.0,0.0,0,0
543,SHANNON WAUGH,4.0,0.8,3.0,0.6,,,,,5.0,9.0,13.71,0.0,0.0,0.0,0.0,0.0,0.0,1.0,0.0,0.0,0.0,0.0,0.0,0.0,0.0,0.0,0.0,0.0,0.0,0,0
544,SHARON TSAO,6.5,1.07142857143,6.0,1.05714285714,,,,,6.0,10.5,9.655,0.0,0.0,0.0,0.0,0.0,0.0,0.0,0.0,0.0,0.0,0.0,0.0,0.0,0.0,1.0,0.0,0.0,0.0,1,0
545,SHARON TSENG,2.0,0.416666666666,1.0,0.25,1.0,0.166666666667,3.0,0.5,5.0,8.0,8.69,0.0,0.0,0.0,0.0,0.0,0.0,0.0,0.0,1.0,0.0,0.0,0.0,0.0,0.0,0.0,0.0,0.0,0.0,0,0
546,SHARON TUCKER,3.0,0.5,11.0,1.83333333333,0.0,0.0,10.0,1.66666666667,6.0,14.0,4.33,0.0,0.0,0.0,0.0,0.0,0.0,0.0,0.0,0.0,0.0,1.0,0.0,0.0,0.0,0.0,0.0,0.0,0.0,0,0
547,SHAYNA BROCK,2.0,0.5,0.0,0.0,,,,,4.0,16.0,15.29,0.0,0.0,0.0,0.0,0.0,0.0,0.0,0.0,0.0,0.0,0.0,0.0,0.0,0.0,0.0,1.0,0.0,0.0,0,0
548,SHEILA OGDEN,3.0,0.428571428571,0.0,0.0,0.0,0.0,6.0,0.857142857143,7.0,4.0,4.14,0.0,0.0,0.0,0.0,0.0,0.0,0.0,0.0,0.0,0.0,0.0,0.0,0.0,0.0,1.0,0.0,0.0,0.0,0,0
549,SHELBY KUNI,4.0,0.571428571429,3.0,0.428571428571,6.0,0.857142857143,3.0,0.428571428571,7.0,4.0,4.14,0.0,0.0,0.0,0.0,0.0,0.0,0.0,0.0,0.0,0.0,0.0,0.0,0.0,0.0,1.0,0.0,0.0,0.0,0,0
550,SHELLIE COHEN,5.5,0.86904761905,6.5,1.02380952381,5.0,0.833333333333,16.0,2.66666666667,6.5,7.5,7.665,0.0,0.0,0.5,0.0,0.0,0.0,0.0,0.0,0.0,0.0,0.5,0.0,0.0,0.0,0.0,0.0,0.0,0.0,1,0
551,SHELLY PEYTON,1.0,0.166666666667,5.0,0.833333333333,0.0,0.0,2.0,0.333333333333,6.0,6.0,4.0,0.0,0.0,1.0,0.0,0.0,0.0,0.0,0.0,0.0,0.0,0.0,0.0,0.0,0.0,0.0,0.0,0.0,0.0,0,0
552,SHEREEN RABIE,4.5,0.7,3.5,0.528571428572,3.0,0.428571428571,17.0,2.42857142857,6.0,5.0,7.655,0.0,0.0,0.0,0.0,0.0,0.0,0.0,0.0,0.0,0.0,0.0,0.0,0.0,0.0,1.0,0.0,0.0,0.0,0,0
553,SHERRY LI,1.0,0.25,1.0,0.25,,,,,4.0,15.0,13.43,0.0,0.0,0.0,0.0,1.0,0.0,0.0,0.0,0.0,0.0,0.0,0.0,0.0,0.0,0.0,0.0,0.0,0.0,0,0
554,SHINO YOSHEN,2.66666666667,0.380952380952,1.0,0.142857142857,0.0,0.0,0.0,0.0,7.0,2.66666666667,9.57,0.0,0.0,0.0,0.0,0.0,0.0,0.0,0.0,0.0,0.0,0.0,0.0,1.0,0.0,0.0,0.0,0.0,0.0,0,0
555,SHIRA KLANE,1.0,0.15873015873,1.0,0.150793650794,0.0,0.0,0.0,0.0,6.33333333333,3.33333333333,9.46666666667,0.0,0.0,1.0,0.0,0.0,0.0,0.0,0.0,0.0,0.0,0.0,0.0,0.0,0.0,0.0,0.0,0.0,0.0,0,0
556,SHIRA STERN,3.0,0.434523809524,1.75,0.267857142857,0.0,0.0,3.0,0.428571428571,5.25,2.25,10.8666666667,0.0,0.0,0.0,0.0,0.0,0.0,0.0,0.0,0.0,0.0,0.0,1.0,0.0,0.0,0.0,0.0,0.0,0.0,1,0
557,SONYA HARRIS,1.0,0.2,5.0,1.0,,,,,5.0,6.0,11.17,0.0,0.0,0.0,0.0,0.0,0.0,0.0,0.0,0.0,0.0,0.0,0.0,0.0,0.0,1.0,0.0,0.0,0.0,0,0
558,SOPHIA HERSCU,0.5,0.0833333333335,1.5,0.25,0.0,0.0,8.0,1.33333333333,6.5,6.0,7.415,0.0,0.0,0.5,0.0,0.0,0.0,0.5,0.0,0.0,0.0,0.0,0.0,0.0,0.0,0.0,0.0,0.0,0.0,0,0
559,SOPHIE DARCH,1.5,0.267857142857,6.0,1.39285714286,,,,,5.5,9.0,12.39,0.0,0.0,0.0,0.0,0.0,0.0,0.0,0.0,0.0,0.5,0.0,0.0,0.0,0.5,0.0,0.0,0.0,0.0,0,0
560,SOPHIE HULBERT,9.0,1.28571428571,3.0,0.428571428571,,,,,7.0,14.0,7.43,0.0,1.0,0.0,0.0,0.0,0.0,0.0,0.0,0.0,0.0,0.0,0.0,0.0,0.0,0.0,0.0,0.0,0.0,0,0
561,STEPH LIM,0.0,0.0,1.0,0.166666666667,0.0,0.0,4.0,0.666666666667,6.0,9.0,3.67,0.0,0.0,0.0,0.0,0.0,0.0,0.0,0.0,1.0,0.0,0.0,0.0,0.0,0.0,0.0,0.0,0.0,0.0,0,0
562,STEPHANIE FROST,0.0,0.0,0.0,0.0,,,,,5.0,9.0,13.71,0.0,0.0,0.0,0.0,0.0,0.0,1.0,0.0,0.0,0.0,0.0,0.0,0.0,0.0,0.0,0.0,0.0,0.0,0,0
563,STEPHANIE LIM,2.0,0.458333333334,2.5,0.541666666666,,,,,5.0,5.0,13.655,0.0,0.0,0.0,0.5,0.0,0.0,0.0,0.0,0.5,0.0,0.0,0.0,0.0,0.0,0.0,0.0,0.0,0.0,0,0
564,SYDNEY DOBKIN,1.0,0.142857142857,0.5,0.0714285714285,0.0,0.0,6.0,1.0,6.5,6.5,7.585,0.0,0.0,0.5,0.0,0.0,0.5,0.0,0.0,0.0,0.0,0.0,0.0,0.0,0.0,0.0,0.0,0.0,0.0,0,0
565,TANIA REITZ,6.0,1.0,2.0,0.333333333333,,,,,6.0,3.0,11.33,0.0,0.0,0.0,0.0,0.0,0.0,1.0,0.0,0.0,0.0,0.0,0.0,0.0,0.0,0.0,0.0,0.0,0.0,0,0
566,TEAL DABNEY,3.0,0.75,4.0,1.0,,,,,4.0,16.0,15.29,0.0,0.0,0.0,0.0,0.0,0.0,0.0,0.0,0.0,0.0,0.0,0.0,0.0,0.0,0.0,1.0,0.0,0.0,0,0
567,TERESA FENG,0.0,0.0,3.0,0.428571428571,,,,,7.0,7.0,10.43,0.0,0.0,0.0,0.0,0.0,0.0,0.0,0.0,1.0,0.0,0.0,0.0,0.0,0.0,0.0,0.0,0.0,0.0,0,0
568,TIFFANI TENG,0.0,0.0,0.0,0.0,,,,,7.0,14.0,7.43,0.0,1.0,0.0,0.0,0.0,0.0,0.0,0.0,0.0,0.0,0.0,0.0,0.0,0.0,0.0,0.0,0.0,0.0,0,0
569,TIFFANY HENDERSON,6.0,1.0,1.0,0.166666666667,2.0,0.333333333333,7.0,1.16666666667,6.0,15.0,4.33,0.0,0.0,0.0,0.0,0.0,0.0,0.0,0.0,0.0,0.0,0.0,0.0,0.0,1.0,0.0,0.0,0.0,0.0,0,0
570,TIFFANY SCHUMACHER,0.0,0.0,2.0,0.285714285714,,,,,7.0,15.0,8.14,0.0,0.0,0.0,0.0,0.0,0.0,0.0,0.0,0.0,0.0,0.0,0.0,0.0,0.0,1.0,0.0,0.0,0.0,0,0
571,TINA MCDOWELL,4.0,0.666666666667,14.0,2.33333333333,2.0,0.333333333333,3.0,0.5,6.0,11.0,3.83,0.0,0.0,0.0,0.0,0.0,0.0,1.0,0.0,0.0,0.0,0.0,0.0,0.0,0.0,0.0,0.0,0.0,0.0,0,0
572,TINA SNODGRASS,12.0,2.0,0.0,0.0,2.0,0.333333333333,3.0,0.5,6.0,11.0,3.83,0.0,0.0,0.0,0.0,0.0,0.0,1.0,0.0,0.0,0.0,0.0,0.0,0.0,0.0,0.0,0.0,0.0,0.0,1,1
573,TINA WOODINGS,1.33333333333,0.228571428571,5.33333333333,0.952380952381,4.0,0.571428571429,6.0,0.857142857143,6.33333333333,8.33333333333,7.81666666667,0.0,0.0,0.0,0.0,0.0,0.0,0.0,0.0,0.0,0.0,0.0,0.0,0.0,0.0,1.0,0.0,0.0,0.0,0,0
574,TRISHA THOMS,5.0,0.982142857143,1.0,0.196428571429,,,,,5.5,10.0,12.87,0.0,0.0,0.0,0.0,0.0,0.0,0.0,0.0,0.0,0.0,0.0,0.0,0.0,1.0,0.0,0.0,0.0,0.0,0,0
575,TRUDY PHILIP,2.0,0.5,2.0,0.5,,,,,4.0,12.0,12.71,0.0,0.0,0.0,0.0,0.0,0.0,0.0,0.0,0.0,0.0,0.0,0.0,0.0,0.0,0.0,0.0,0.0,1.0,0,0
576,V.Y. CHOW,3.5,0.571428571429,4.5,0.75,0.0,0.0,5.0,0.833333333333,6.5,4.0,8.715,0.0,0.0,0.5,0.5,0.0,0.0,0.0,0.0,0.0,0.0,0.0,0.0,0.0,0.0,0.0,0.0,0.0,0.0,0,0
577,VICKI CHANG,1.0,0.166666666667,3.0,0.5,,,,,6.0,3.0,13.4,0.0,0.0,1.0,0.0,0.0,0.0,0.0,0.0,0.0,0.0,0.0,0.0,0.0,0.0,0.0,0.0,0.0,0.0,0,0
578,VICKI CHEN,2.0,0.5,6.0,1.5,,,,,4.0,15.0,13.43,0.0,0.0,0.0,0.0,1.0,0.0,0.0,0.0,0.0,0.0,0.0,0.0,0.0,0.0,0.0,0.0,0.0,0.0,0,0
579,VICKY NEGUS,1.0,0.166666666667,0.0,0.0,2.0,0.333333333333,2.0,0.333333333333,6.0,6.0,4.0,0.0,0.0,1.0,0.0,0.0,0.0,0.0,0.0,0.0,0.0,0.0,0.0,0.0,0.0,0.0,0.0,0.0,0.0,0,0
580,VICTORIA NEGUS,2.5,0.404761904762,0.5,0.0833333333335,,,,,6.5,2.0,12.2,0.0,0.0,1.0,0.0,0.0,0.0,0.0,0.0,0.0,0.0,0.0,0.0,0.0,0.0,0.0,0.0,0.0,0.0,0,0
581,VIRGINIA CONOVER,1.0,0.166666666667,0.0,0.0,0.0,0.0,2.0,0.333333333333,6.0,14.0,4.33,0.0,0.0,0.0,0.0,0.0,0.0,0.0,0.0,0.0,0.0,1.0,0.0,0.0,0.0,0.0,0.0,0.0,0.0,0,0
582,WHITNEY MOUNT,3.0,0.75,2.0,0.5,,,,,4.0,9.0,14.07,0.0,0.0,0.0,0.0,0.0,0.0,0.0,0.0,0.0,0.0,0.0,0.0,0.0,1.0,0.0,0.0,0.0,0.0,0,0
583,WHITNEY VIETS,3.0,0.75,2.0,0.5,,,,,4.0,15.0,13.43,0.0,0.0,0.0,0.0,1.0,0.0,0.0,0.0,0.0,0.0,0.0,0.0,0.0,0.0,0.0,0.0,0.0,0.0,0,0
584,XENIA RUDENKO,5.0,1.25,0.0,0.0,,,,,4.0,15.0,13.43,0.0,0.0,0.0,0.0,1.0,0.0,0.0,0.0,0.0,0.0,0.0,0.0,0.0,0.0,0.0,0.0,0.0,0.0,0,0
585,YELENA GORLIN,7.0,0.583333333333,3.0,0.25,,,,,12.0,2.0,12.0,0.0,0.0,0.0,1.0,0.0,0.0,0.0,0.0,0.0,0.0,0.0,0.0,0.0,0.0,0.0,0.0,0.0,0.0,0,0
586,YOLANDA SCARPATI,4.0,1.0,2.0,0.5,,,,,4.0,15.0,13.43,0.0,0.0,0.0,0.0,1.0,0.0,0.0,0.0,0.0,0.0,0.0,0.0,0.0,0.0,0.0,0.0,0.0,0.0,0,0
587,ZOE STAPLETON,1.0,0.25,0.0,0.0,,,,,4.0,16.0,15.29,0.0,0.0,0.0,0.0,0.0,0.0,0.0,0.0,0.0,0.0,0.0,0.0,0.0,0.0,0.0,1.0,0.0,0.0,0,0
